id,ability1,ability2,attack,defense,hidden_ability,hp,name,sp_attack,sp_defense,speed,total_stats,type1,type2,weight
1,しんりょく,,49,49,ようりょくそ,45,フシギダネ,65,65,45,318,くさ,どく,6.9
2,しんりょく,,62,63,ようりょくそ,60,フシギソウ,80,80,60,405,くさ,どく,13
3,しんりょく,,82,83,ようりょくそ,80,フシギバナ,100,100,80,525,くさ,どく,100
4,もうか,,52,43,サンパワー,39,ヒトカゲ,60,50,65,309,ほのお,,8.5
5,もうか,,64,58,サンパワー,58,リザード,80,65,80,405,ほのお,,19
6,もうか,,84,78,サンパワー,78,リザードン,109,85,100,534,ほのお,ひこう,90.5
7,げきりゅう,,48,65,あめうけざら,44,ゼニガメ,50,64,43,314,みず,,9
8,げきりゅう,,63,80,あめうけざら,59,カメール,65,80,58,405,みず,,22.5
9,げきりゅう,,83,100,あめうけざら,79,カメックス,85,105,78,530,みず,,85.5
10,りんぷん,,30,35,にげあし,45,キャタピー,20,20,45,195,むし,,2.9
11,だっぴ,,20,55,,50,トランセル,25,25,30,205,むし,,9.9
12,ふくがん,,45,50,いろめがね,60,バタフリー,90,80,70,395,むし,ひこう,32
13,りんぷん,,35,30,にげあし,40,ビードル,20,20,50,195,むし,どく,3.2
14,だっぴ,,25,50,,45,コクーン,25,25,35,205,むし,どく,10
15,むしのしらせ,,90,40,スナイパー,65,スピアー,45,80,75,395,むし,どく,29.5
16,するどいめ,ちどりあし,45,40,はとむね,40,ポッポ,35,35,56,251,ノーマル,ひこう,1.8
17,するどいめ,ちどりあし,60,55,はとむね,63,ピジョン,50,50,71,349,ノーマル,ひこう,30
18,するどいめ,ちどりあし,80,75,はとむね,83,ピジョット,70,70,101,479,ノーマル,ひこう,39.5
19,にげあし,こんじょう,56,35,はりきり,30,コラッタ,25,35,72,253,ノーマル,,3.5
20,にげあし,こんじょう,81,60,はりきり,55,ラッタ,50,70,97,413,ノーマル,,18.5
21,するどいめ,,60,30,スナイパー,40,オニスズメ,31,31,70,262,ノーマル,ひこう,2
22,するどいめ,,90,65,スナイパー,65,オニドリル,61,61,100,442,ノーマル,ひこう,38
23,いかく,だっぴ,60,44,きんちょうかん,35,アーボ,40,54,55,288,どく,,6.9
24,いかく,だっぴ,95,69,きんちょうかん,60,アーボック,65,79,80,448,どく,,65
25,せいでんき,,55,40,ひらいしん,35,ピカチュウ,50,50,90,320,でんき,,6
26,せいでんき,,90,55,ひらいしん,60,ライチュウ,90,80,110,485,でんき,,30
27,すながくれ,,75,85,すなかき,50,サンド,20,30,40,300,じめん,,12
28,すながくれ,,100,110,すなかき,75,サンドパン,45,55,65,450,じめん,,29.5
29,どくのトゲ,とうそうしん,47,52,はりきり,55,ニドラン♀,40,40,41,275,どく,,7
30,どくのトゲ,とうそうしん,62,67,はりきり,70,ニドリーナ,55,55,56,365,どく,,20
31,どくのトゲ,とうそうしん,92,87,ちからずく,90,ニドクイン,75,85,76,505,どく,じめん,60
32,どくのトゲ,とうそうしん,57,40,はりきり,46,ニドラン♂,40,40,50,273,どく,,9
33,どくのトゲ,とうそうしん,72,57,はりきり,61,ニドリーノ,55,55,65,365,どく,,19.5
34,どくのトゲ,とうそうしん,102,77,ちからずく,81,ニドキング,85,75,85,505,どく,じめん,62
35,メロメロボディ,マジックガード,45,48,フレンドガード,70,ピッピ,60,65,35,323,フェアリー,,7.5
36,メロメロボディ,マジックガード,70,73,てんねん,95,ピクシー,95,90,60,483,フェアリー,,40
37,もらいび,,41,40,ひでり,38,ロコン,50,65,65,299,ほのお,,9.9
38,もらいび,,76,75,ひでり,73,キュウコン,81,100,100,505,ほのお,,19.9
39,メロメロボディ,かちき,45,20,フレンドガード,115,プリン,45,25,20,270,ノーマル,フェアリー,5.5
40,メロメロボディ,かちき,70,45,おみとおし,140,プクリン,85,50,45,435,ノーマル,フェアリー,12
41,せいしんりょく,,45,35,すりぬけ,40,ズバット,30,40,55,245,どく,ひこう,7.5
42,せいしんりょく,,80,70,すりぬけ,75,ゴルバット,65,75,90,455,どく,ひこう,55
43,ようりょくそ,,50,55,にげあし,45,ナゾノクサ,75,65,30,320,くさ,どく,5.4
44,ようりょくそ,,65,70,あくしゅう,60,クサイハナ,85,75,40,395,くさ,どく,8.6
45,ようりょくそ,,80,85,ほうし,75,ラフレシア,110,90,50,490,くさ,どく,18.6
46,ほうし,かんそうはだ,70,55,しめりけ,35,パラス,45,55,25,285,むし,くさ,5.4
47,ほうし,かんそうはだ,95,80,しめりけ,60,パラセクト,60,80,30,405,むし,くさ,29.5
48,ふくがん,いろめがね,55,50,にげあし,60,コンパン,40,55,45,305,むし,どく,30
49,りんぷん,いろめがね,65,60,ミラクルスキン,70,モルフォン,90,75,90,450,むし,どく,12.5
50,すながくれ,ありじごく,55,25,すなのちから,10,ディグダ,35,45,95,265,じめん,,0.8
51,すながくれ,ありじごく,100,50,すなのちから,35,ダグトリオ,50,70,120,425,じめん,,33.3
52,ものひろい,テクニシャン,45,35,きんちょうかん,40,ニャース,40,40,90,290,ノーマル,,4.2
53,じゅうなん,テクニシャン,70,60,きんちょうかん,65,ペルシアン,65,65,115,440,ノーマル,,32
54,しめりけ,ノーてんき,52,48,すいすい,50,コダック,65,50,55,320,みず,,19.6
55,しめりけ,ノーてんき,82,78,すいすい,80,ゴルダック,95,80,85,500,みず,,76.6
56,やるき,いかりのつぼ,80,35,まけんき,40,マンキー,35,45,70,305,かくとう,,28
57,やるき,いかりのつぼ,105,60,まけんき,65,オコリザル,60,70,95,455,かくとう,,32
58,いかく,もらいび,70,45,せいぎのこころ,55,ガーディ,70,50,60,350,ほのお,,19
59,いかく,もらいび,110,80,せいぎのこころ,90,ウインディ,100,80,95,555,ほのお,,155
60,ちょすい,しめりけ,50,40,すいすい,40,ニョロモ,40,40,90,300,みず,,12.4
61,ちょすい,しめりけ,65,65,すいすい,65,ニョロゾ,50,50,90,385,みず,,20
62,ちょすい,しめりけ,95,95,すいすい,90,ニョロボン,70,90,70,510,みず,かくとう,54
63,シンクロ,せいしんりょく,20,15,マジックガード,25,ケーシィ,105,55,90,310,エスパー,,19.5
64,シンクロ,せいしんりょく,35,30,マジックガード,40,ユンゲラー,120,70,105,400,エスパー,,56.5
65,シンクロ,せいしんりょく,50,45,マジックガード,55,フーディン,135,95,120,500,エスパー,,48
66,こんじょう,ノーガード,80,50,ふくつのこころ,70,ワンリキー,35,35,35,305,かくとう,,19.5
67,こんじょう,ノーガード,100,70,ふくつのこころ,80,ゴーリキー,50,60,45,405,かくとう,,70.5
68,こんじょう,ノーガード,130,80,ふくつのこころ,90,カイリキー,65,85,55,505,かくとう,,130
69,ようりょくそ,,75,35,くいしんぼう,50,マダツボミ,70,30,40,300,くさ,どく,4
70,ようりょくそ,,90,50,くいしんぼう,65,ウツドン,85,45,55,390,くさ,どく,6.4
71,ようりょくそ,,105,65,くいしんぼう,80,ウツボット,100,70,70,490,くさ,どく,15.5
72,クリアボディ,ヘドロえき,40,35,あめうけざら,40,メノクラゲ,50,100,70,335,みず,どく,45.5
73,クリアボディ,ヘドロえき,70,65,あめうけざら,80,ドククラゲ,80,120,100,515,みず,どく,55
74,いしあたま,がんじょう,80,100,すながくれ,40,イシツブテ,30,30,20,300,いわ,じめん,20
75,いしあたま,がんじょう,95,115,すながくれ,55,ゴローン,45,45,35,390,いわ,じめん,105
76,いしあたま,がんじょう,120,130,すながくれ,80,ゴローニャ,55,65,45,495,いわ,じめん,300
77,にげあし,もらいび,85,55,ほのおのからだ,50,ポニータ,65,65,90,410,ほのお,,30
78,にげあし,もらいび,100,70,ほのおのからだ,65,ギャロップ,80,80,105,500,ほのお,,95
79,どんかん,マイペース,65,65,さいせいりょく,90,ヤドン,40,40,15,315,みず,エスパー,36
80,どんかん,マイペース,75,110,さいせいりょく,95,ヤドラン,100,80,30,490,みず,エスパー,78.5
81,じりょく,がんじょう,35,70,アナライズ,25,コイル,95,55,45,325,でんき,はがね,6
82,じりょく,がんじょう,60,95,アナライズ,50,レアコイル,120,70,70,465,でんき,はがね,60
83,するどいめ,せいしんりょく,90,55,まけんき,52,カモネギ,58,62,60,377,ノーマル,ひこう,15
84,にげあし,はやおき,85,45,ちどりあし,35,ドードー,35,35,75,310,ノーマル,ひこう,39.2
85,にげあし,はやおき,110,70,ちどりあし,60,ドードリオ,60,60,110,470,ノーマル,ひこう,85.2
86,あついしぼう,うるおいボディ,45,55,アイスボディ,65,パウワウ,45,70,45,325,みず,,90
87,あついしぼう,うるおいボディ,70,80,アイスボディ,90,ジュゴン,70,95,70,475,みず,こおり,120
88,あくしゅう,ねんちゃく,80,50,どくしゅ,80,ベトベター,40,50,25,325,どく,,30
89,あくしゅう,ねんちゃく,105,75,どくしゅ,105,ベトベトン,65,100,50,500,どく,,30
90,シェルアーマー,スキルリンク,65,100,ぼうじん,30,シェルダー,45,25,40,305,みず,,4
91,シェルアーマー,スキルリンク,95,180,ぼうじん,50,パルシェン,85,45,70,525,みず,こおり,132.5
92,ふゆう,,35,30,,30,ゴース,100,35,80,310,ゴースト,どく,0.1
93,ふゆう,,50,45,,45,ゴースト,115,55,95,405,ゴースト,どく,0.1
94,のろわれボディ,,65,60,,60,ゲンガー,130,75,110,500,ゴースト,どく,40.5
95,いしあたま,がんじょう,45,160,くだけるよろい,35,イワーク,30,45,70,385,いわ,じめん,210
96,ふみん,よちむ,48,45,せいしんりょく,60,スリープ,43,90,42,328,エスパー,,32.4
97,ふみん,よちむ,73,70,せいしんりょく,85,スリーパー,73,115,67,483,エスパー,,75.6
98,かいりきバサミ,シェルアーマー,105,90,ちからずく,30,クラブ,25,25,50,325,みず,,6.5
99,かいりきバサミ,シェルアーマー,130,115,ちからずく,55,キングラー,50,50,75,475,みず,,60
100,ぼうおん,せいでんき,30,50,ゆうばく,40,ビリリダマ,55,55,100,330,でんき,,10.4
101,ぼうおん,せいでんき,50,70,ゆうばく,60,マルマイン,80,80,150,490,でんき,,66.6
102,ようりょくそ,,40,80,しゅうかく,60,タマタマ,60,45,40,325,くさ,エスパー,2.5
103,ようりょくそ,,95,85,しゅうかく,95,ナッシー,125,75,55,530,くさ,エスパー,120
104,いしあたま,ひらいしん,50,95,カブトアーマー,50,カラカラ,40,50,35,320,じめん,,6.5
105,いしあたま,ひらいしん,80,110,カブトアーマー,60,ガラガラ,50,80,45,425,じめん,,45
106,じゅうなん,すてみ,120,53,かるわざ,50,サワムラー,35,110,87,455,かくとう,,49.8
107,するどいめ,てつのこぶし,105,79,せいしんりょく,50,エビワラー,35,110,76,455,かくとう,,50.2
108,マイペース,どんかん,55,75,ノーてんき,90,ベロリンガ,60,75,30,385,ノーマル,,65.5
109,ふゆう,かがくへんかガス,65,95,あくしゅう,40,ドガース,60,45,35,340,どく,,1
110,ふゆう,かがくへんかガス,90,120,あくしゅう,65,マタドガス,85,70,60,490,どく,,9.5
111,ひらいしん,いしあたま,85,95,すてみ,80,サイホーン,30,30,25,345,じめん,いわ,115
112,ひらいしん,いしあたま,130,120,すてみ,105,サイドン,45,45,40,485,じめん,いわ,120
113,しぜんかいふく,てんのめぐみ,5,5,いやしのこころ,250,ラッキー,35,105,50,450,ノーマル,,34.6
114,ようりょくそ,リーフガード,55,115,さいせいりょく,65,モンジャラ,100,40,60,435,くさ,,35
115,はやおき,きもったま,95,80,せいしんりょく,105,ガルーラ,40,80,90,490,ノーマル,,80
116,すいすい,スナイパー,40,70,しめりけ,30,タッツー,70,25,60,295,みず,,8
117,どくのトゲ,スナイパー,65,95,しめりけ,55,シードラ,95,45,85,440,みず,,25
118,すいすい,みずのベール,67,60,ひらいしん,45,トサキント,35,50,63,320,みず,,15
119,すいすい,みずのベール,92,65,ひらいしん,80,アズマオウ,65,80,68,450,みず,,39
120,はっこう,しぜんかいふく,45,55,アナライズ,30,ヒトデマン,70,55,85,340,みず,,34.5
121,はっこう,しぜんかいふく,75,85,アナライズ,60,スターミー,100,85,115,520,みず,エスパー,80
122,ぼうおん,フィルター,45,65,テクニシャン,40,バリヤード,100,120,90,460,エスパー,フェアリー,54.5
123,むしのしらせ,テクニシャン,110,80,ふくつのこころ,70,ストライク,55,80,105,500,むし,ひこう,56
124,どんかん,よちむ,50,35,かんそうはだ,65,ルージュラ,115,95,95,455,こおり,エスパー,40.6
125,せいでんき,,83,57,やるき,65,エレブー,95,85,105,490,でんき,,30
126,ほのおのからだ,,95,57,やるき,65,ブーバー,100,85,93,495,ほのお,,44.5
127,かいりきバサミ,かたやぶり,125,100,じしんかじょう,65,カイロス,55,70,85,500,むし,,55
128,いかく,いかりのつぼ,100,95,ちからずく,75,ケンタロス,40,70,110,490,ノーマル,,88.4
129,すいすい,,10,55,びびり,20,コイキング,15,20,80,200,みず,,10
130,いかく,,125,79,じしんかじょう,95,ギャラドス,60,100,81,540,みず,ひこう,235
131,ちょすい,シェルアーマー,85,80,うるおいボディ,130,ラプラス,85,95,60,535,みず,こおり,220
132,じゅうなん,,48,48,かわりもの,48,メタモン,48,48,48,288,ノーマル,,4
133,にげあし,てきおうりょく,55,50,きけんよち,55,イーブイ,45,65,55,325,ノーマル,,6.5
134,ちょすい,,65,60,うるおいボディ,130,シャワーズ,110,95,65,525,みず,,29
135,ちくでん,,65,60,はやあし,65,サンダース,110,95,130,525,でんき,,24.5
136,もらいび,,130,60,こんじょう,65,ブースター,95,110,65,525,ほのお,,25
137,トレース,ダウンロード,60,70,アナライズ,65,ポリゴン,85,75,40,395,ノーマル,,36.5
138,すいすい,シェルアーマー,40,100,くだけるよろい,35,オムナイト,90,55,35,355,いわ,みず,7.5
139,すいすい,シェルアーマー,60,125,くだけるよろい,70,オムスター,115,70,55,495,いわ,みず,35
140,すいすい,カブトアーマー,80,90,くだけるよろい,30,カブト,55,45,55,355,いわ,みず,11.5
141,すいすい,カブトアーマー,115,105,くだけるよろい,60,カブトプス,65,70,80,495,いわ,みず,40.5
142,いしあたま,プレッシャー,105,65,きんちょうかん,80,プテラ,60,75,130,515,いわ,ひこう,59
143,めんえき,あついしぼう,110,65,くいしんぼう,160,カビゴン,65,110,30,540,ノーマル,,460
144,プレッシャー,,85,100,ゆきがくれ,90,フリーザー,95,125,85,580,こおり,ひこう,55.4
145,プレッシャー,,90,85,せいでんき,90,サンダー,125,90,100,580,でんき,ひこう,52.6
146,プレッシャー,,100,90,ほのおのからだ,90,ファイヤー,125,85,90,580,ほのお,ひこう,60
147,だっぴ,,64,45,ふしぎなうろこ,41,ミニリュウ,50,50,50,300,ドラゴン,,3.3
148,だっぴ,,84,65,ふしぎなうろこ,61,ハクリュー,70,70,70,420,ドラゴン,,16.5
149,せいしんりょく,,134,95,マルチスケイル,91,カイリュー,100,100,80,600,ドラゴン,ひこう,210
150,プレッシャー,,110,90,きんちょうかん,106,ミュウツー,154,90,130,680,エスパー,,122
151,シンクロ,,100,100,,100,ミュウ,100,100,100,600,エスパー,,4
152,しんりょく,,49,65,リーフガード,45,チコリータ,49,65,45,318,くさ,,6.4
153,しんりょく,,62,80,リーフガード,60,ベイリーフ,63,80,60,405,くさ,,15.8
154,しんりょく,,82,100,リーフガード,80,メガニウム,83,100,80,525,くさ,,100.5
155,もうか,,52,43,もらいび,39,ヒノアラシ,60,50,65,309,ほのお,,7.9
156,もうか,,64,58,もらいび,58,マグマラシ,80,65,80,405,ほのお,,19
157,もうか,,84,78,もらいび,78,バクフーン,109,85,100,534,ほのお,,79.5
158,げきりゅう,,65,64,ちからずく,50,ワニノコ,44,48,43,314,みず,,9.5
159,げきりゅう,,80,80,ちからずく,65,アリゲイツ,59,63,58,405,みず,,25
160,げきりゅう,,105,100,ちからずく,85,オーダイル,79,83,78,530,みず,,88.8
161,にげあし,するどいめ,46,34,おみとおし,35,オタチ,35,45,20,215,ノーマル,,6
162,にげあし,するどいめ,76,64,おみとおし,85,オオタチ,45,55,90,415,ノーマル,,32.5
163,ふみん,するどいめ,30,30,いろめがね,60,ホーホー,36,56,50,262,ノーマル,ひこう,21.2
164,ふみん,するどいめ,50,50,いろめがね,100,ヨルノズク,86,96,70,452,ノーマル,ひこう,40.8
165,むしのしらせ,はやおき,20,30,びびり,40,レディバ,40,80,55,265,むし,ひこう,10.8
166,むしのしらせ,はやおき,35,50,てつのこぶし,55,レディアン,55,110,85,390,むし,ひこう,35.6
167,むしのしらせ,ふみん,60,40,スナイパー,40,イトマル,40,40,30,250,むし,どく,8.5
168,むしのしらせ,ふみん,90,70,スナイパー,70,アリアドス,60,70,40,400,むし,どく,33.5
169,せいしんりょく,,90,80,すりぬけ,85,クロバット,70,80,130,535,どく,ひこう,75
170,ちくでん,はっこう,38,38,ちょすい,75,チョンチー,56,56,67,330,みず,でんき,12
171,ちくでん,はっこう,58,58,ちょすい,125,ランターン,76,76,67,460,みず,でんき,22.5
172,せいでんき,,40,15,ひらいしん,20,ピチュー,35,35,60,205,でんき,,2
173,メロメロボディ,マジックガード,25,28,フレンドガード,50,ピィ,45,55,15,218,フェアリー,,3
174,メロメロボディ,かちき,30,15,フレンドガード,90,ププリン,40,20,15,210,ノーマル,フェアリー,1
175,はりきり,てんのめぐみ,20,65,きょううん,35,トゲピー,40,65,20,245,フェアリー,,1.5
176,はりきり,てんのめぐみ,40,85,きょううん,55,トゲチック,80,105,40,405,フェアリー,ひこう,3.2
177,シンクロ,はやおき,50,45,マジックミラー,40,ネイティ,70,45,70,320,エスパー,ひこう,2
178,シンクロ,はやおき,75,70,マジックミラー,65,ネイティオ,95,70,95,470,エスパー,ひこう,15
179,せいでんき,,40,40,プラス,55,メリープ,65,45,35,280,でんき,,7.8
180,せいでんき,,55,55,プラス,70,モココ,80,60,45,365,でんき,,13.3
181,せいでんき,,75,85,プラス,90,デンリュウ,115,90,55,510,でんき,,61.5
182,ようりょくそ,,80,95,いやしのこころ,75,キレイハナ,90,100,50,490,くさ,,5.8
183,あついしぼう,ちからもち,20,50,そうしょく,70,マリル,20,50,40,250,みず,フェアリー,8.5
184,あついしぼう,ちからもち,50,80,そうしょく,100,マリルリ,60,80,50,420,みず,フェアリー,28.5
185,がんじょう,いしあたま,100,115,びびり,70,ウソッキー,30,65,30,410,いわ,,38
186,ちょすい,しめりけ,75,75,あめふらし,90,ニョロトノ,90,100,70,500,みず,,33.9
187,ようりょくそ,リーフガード,35,40,すりぬけ,35,ハネッコ,35,55,50,250,くさ,ひこう,0.5
188,ようりょくそ,リーフガード,45,50,すりぬけ,55,ポポッコ,45,65,80,340,くさ,ひこう,1
189,ようりょくそ,リーフガード,55,70,すりぬけ,75,ワタッコ,55,95,110,460,くさ,ひこう,3
190,にげあし,ものひろい,70,55,スキルリンク,55,エイパム,40,55,85,360,ノーマル,,11.5
191,ようりょくそ,サンパワー,30,30,はやおき,30,ヒマナッツ,30,30,30,180,くさ,,1.8
192,ようりょくそ,サンパワー,75,55,はやおき,75,キマワリ,105,85,30,425,くさ,,8.5
193,かそく,ふくがん,65,45,おみとおし,65,ヤンヤンマ,75,45,95,390,むし,ひこう,38
194,しめりけ,ちょすい,45,45,てんねん,55,ウパー,25,25,15,210,みず,じめん,8.5
195,しめりけ,ちょすい,85,85,てんねん,95,ヌオー,65,65,35,430,みず,じめん,75
196,シンクロ,,65,60,マジックミラー,65,エーフィ,130,95,110,525,エスパー,,26.5
197,シンクロ,,65,110,せいしんりょく,95,ブラッキー,60,130,65,525,あく,,27
198,ふみん,きょううん,85,42,いたずらごころ,60,ヤミカラス,85,42,91,405,あく,ひこう,2.1
199,どんかん,マイペース,75,80,さいせいりょく,95,ヤドキング,100,110,30,490,みず,エスパー,79.5
200,ふゆう,,60,60,,60,ムウマ,85,85,85,435,ゴースト,,1
201,ふゆう,,72,48,,48,アンノーン,72,48,48,336,エスパー,,5
202,かげふみ,,33,58,テレパシー,190,ソーナンス,33,58,33,405,エスパー,,28.5
203,せいしんりょく,はやおき,80,65,そうしょく,70,キリンリキ,90,65,85,455,ノーマル,エスパー,41.5
204,がんじょう,,65,90,ぼうじん,50,クヌギダマ,35,35,15,290,むし,,7.2
205,がんじょう,,90,140,ぼうじん,75,フォレトス,60,60,40,465,むし,はがね,125.8
206,てんのめぐみ,にげあし,70,70,びびり,100,ノコッチ,65,65,45,415,ノーマル,,14
207,かいりきバサミ,すながくれ,75,105,めんえき,65,グライガー,35,65,85,430,じめん,ひこう,64.8
208,いしあたま,がんじょう,85,200,ちからずく,75,ハガネール,55,65,30,510,はがね,じめん,400
209,いかく,にげあし,80,50,びびり,60,ブルー,40,40,30,300,フェアリー,,7.8
210,いかく,はやあし,120,75,びびり,90,グランブル,60,60,45,450,フェアリー,,48.7
211,どくのトゲ,すいすい,95,85,いかく,65,ハリーセン,55,55,85,440,みず,どく,3.9
212,むしのしらせ,テクニシャン,130,100,ライトメタル,70,ハッサム,55,80,65,500,むし,はがね,118
213,がんじょう,くいしんぼう,10,230,あまのじゃく,20,ツボツボ,10,230,5,505,むし,いわ,20.5
214,むしのしらせ,こんじょう,125,75,じしんかじょう,80,ヘラクロス,40,95,85,500,むし,かくとう,54
215,せいしんりょく,するどいめ,95,55,わるいてぐせ,55,ニューラ,35,75,115,430,あく,こおり,28
216,ものひろい,はやあし,80,50,みつあつめ,60,ヒメグマ,50,50,40,330,ノーマル,,8.8
217,こんじょう,はやあし,130,75,きんちょうかん,90,リングマ,75,75,55,500,ノーマル,,125.8
218,マグマのよろい,ほのおのからだ,40,40,くだけるよろい,40,マグマッグ,70,40,20,250,ほのお,,35
219,マグマのよろい,ほのおのからだ,50,120,くだけるよろい,60,マグカルゴ,90,80,30,430,ほのお,いわ,55
220,どんかん,ゆきがくれ,50,40,あついしぼう,50,ウリムー,30,30,50,250,こおり,じめん,6.5
221,どんかん,ゆきがくれ,100,80,あついしぼう,100,イノムー,60,60,50,450,こおり,じめん,55.8
222,はりきり,しぜんかいふく,55,95,さいせいりょく,65,サニーゴ,65,95,35,410,みず,いわ,5
223,はりきり,スナイパー,65,35,ムラっけ,35,テッポウオ,65,35,65,300,みず,,12
224,きゅうばん,スナイパー,105,75,ムラっけ,75,オクタン,105,75,45,480,みず,,28.5
225,やるき,はりきり,55,45,ふみん,45,デリバード,65,45,75,330,こおり,ひこう,16
226,すいすい,ちょすい,40,70,みずのベール,85,マンタイン,80,140,70,485,みず,ひこう,220
227,するどいめ,がんじょう,80,140,くだけるよろい,65,エアームド,40,70,70,465,はがね,ひこう,50.5
228,はやおき,もらいび,60,30,きんちょうかん,45,デルビル,80,50,65,330,あく,ほのお,10.8
229,はやおき,もらいび,90,50,きんちょうかん,75,ヘルガー,110,80,95,500,あく,ほのお,35
230,すいすい,スナイパー,95,95,しめりけ,75,キングドラ,95,95,85,540,みず,ドラゴン,152
231,ものひろい,,60,60,すながくれ,90,ゴマゾウ,40,40,40,330,じめん,,33.5
232,がんじょう,,120,120,すながくれ,90,ドンファン,60,60,50,500,じめん,,120
233,トレース,ダウンロード,80,90,アナライズ,85,ポリゴン２,105,95,60,515,ノーマル,,32.5
234,いかく,おみとおし,95,62,そうしょく,73,オドシシ,85,65,85,465,ノーマル,,71.2
235,マイペース,テクニシャン,20,35,ムラっけ,55,ドーブル,20,45,75,250,ノーマル,,58
236,こんじょう,ふくつのこころ,35,35,やるき,35,バルキー,35,35,35,210,かくとう,,21
237,いかく,テクニシャン,95,95,ふくつのこころ,50,カポエラー,35,110,70,455,かくとう,,48
238,どんかん,よちむ,30,15,うるおいボディ,45,ムチュール,85,65,65,305,こおり,エスパー,6
239,せいでんき,,63,37,やるき,45,エレキッド,65,55,95,360,でんき,,23.5
240,ほのおのからだ,,75,37,やるき,45,ブビィ,70,55,83,365,ほのお,,21.4
241,あついしぼう,きもったま,80,105,そうしょく,95,ミルタンク,40,70,100,490,ノーマル,,75.5
242,しぜんかいふく,てんのめぐみ,10,10,いやしのこころ,255,ハピナス,75,135,55,540,ノーマル,,46.8
243,プレッシャー,,85,75,せいしんりょく,90,ライコウ,115,100,115,580,でんき,,178
244,プレッシャー,,115,85,せいしんりょく,115,エンテイ,90,75,100,580,ほのお,,198
245,プレッシャー,,75,115,せいしんりょく,100,スイクン,90,115,85,580,みず,,187
246,こんじょう,,64,50,すながくれ,50,ヨーギラス,45,50,41,300,いわ,じめん,72
247,だっぴ,,84,70,,70,サナギラス,65,70,51,410,いわ,じめん,152
248,すなおこし,,134,110,きんちょうかん,100,バンギラス,95,100,61,600,いわ,あく,202
249,プレッシャー,,90,130,マルチスケイル,106,ルギア,90,154,110,680,エスパー,ひこう,216
250,プレッシャー,,130,90,さいせいりょく,106,ホウオウ,110,154,90,680,ほのお,ひこう,199
251,しぜんかいふく,,100,100,,100,セレビィ,100,100,100,600,エスパー,くさ,5
252,しんりょく,,45,35,かるわざ,40,キモリ,65,55,70,310,くさ,,5
253,しんりょく,,65,45,かるわざ,50,ジュプトル,85,65,95,405,くさ,,21.6
254,しんりょく,,85,65,かるわざ,70,ジュカイン,105,85,120,530,くさ,,52.2
255,もうか,,60,40,かそく,45,アチャモ,70,50,45,310,ほのお,,2.5
256,もうか,,85,60,かそく,60,ワカシャモ,85,60,55,405,ほのお,かくとう,19.5
257,もうか,,120,70,かそく,80,バシャーモ,110,70,80,530,ほのお,かくとう,52
258,げきりゅう,,70,50,しめりけ,50,ミズゴロウ,50,50,40,310,みず,,7.6
259,げきりゅう,,85,70,しめりけ,70,ヌマクロー,60,70,50,405,みず,じめん,28
260,げきりゅう,,110,90,しめりけ,100,ラグラージ,85,90,60,535,みず,じめん,81.9
261,にげあし,はやあし,55,35,びびり,35,ポチエナ,30,30,35,220,あく,,13.6
262,いかく,はやあし,90,70,じしんかじょう,70,グラエナ,60,60,70,420,あく,,37
263,ものひろい,くいしんぼう,30,41,はやあし,38,ジグザグマ,30,41,60,240,ノーマル,,17.5
264,ものひろい,くいしんぼう,70,61,はやあし,78,マッスグマ,50,61,100,420,ノーマル,,32.5
265,りんぷん,,45,35,にげあし,45,ケムッソ,20,30,20,195,むし,,3.6
266,だっぴ,,35,55,,50,カラサリス,25,25,15,205,むし,,10
267,むしのしらせ,,70,50,とうそうしん,60,アゲハント,100,50,65,395,むし,ひこう,28.4
268,だっぴ,,35,55,,50,マユルド,25,25,15,205,むし,,11.5
269,りんぷん,,50,70,ふくがん,60,ドクケイル,50,90,65,385,むし,どく,31.6
270,すいすい,あめうけざら,30,30,マイペース,40,ハスボー,40,50,30,220,みず,くさ,2.6
271,すいすい,あめうけざら,50,50,マイペース,60,ハスブレロ,60,70,50,340,みず,くさ,32.5
272,すいすい,あめうけざら,70,70,マイペース,80,ルンパッパ,90,100,70,480,みず,くさ,55
273,ようりょくそ,はやおき,40,50,わるいてぐせ,40,タネボー,30,30,30,220,くさ,,4
274,ようりょくそ,はやおき,70,40,わるいてぐせ,70,コノハナ,60,40,60,340,くさ,あく,28
275,ようりょくそ,かぜのり,100,60,わるいてぐせ,90,ダーテング,90,60,80,480,くさ,あく,59.6
276,こんじょう,,55,30,きもったま,40,スバメ,30,30,85,270,ノーマル,ひこう,2.3
277,こんじょう,,85,60,きもったま,60,オオスバメ,75,50,125,455,ノーマル,ひこう,19.8
278,するどいめ,うるおいボディ,30,30,あめうけざら,40,キャモメ,55,30,85,270,みず,ひこう,9.5
279,するどいめ,あめふらし,50,100,あめうけざら,60,ペリッパー,95,70,65,440,みず,ひこう,28
280,シンクロ,トレース,25,25,テレパシー,28,ラルトス,45,35,40,198,エスパー,フェアリー,6.6
281,シンクロ,トレース,35,35,テレパシー,38,キルリア,65,55,50,278,エスパー,フェアリー,20.2
282,シンクロ,トレース,65,65,テレパシー,68,サーナイト,125,115,80,518,エスパー,フェアリー,48.4
283,すいすい,,30,32,あめうけざら,40,アメタマ,50,52,65,269,むし,みず,1.7
284,いかく,,60,62,きんちょうかん,70,アメモース,100,82,80,454,むし,ひこう,3.6
285,ほうし,ポイズンヒール,40,60,はやあし,60,キノココ,40,60,35,295,くさ,,4.5
286,ほうし,ポイズンヒール,130,80,テクニシャン,60,キノガッサ,60,60,70,460,くさ,かくとう,39.2
287,なまけ,,60,60,,60,ナマケロ,35,35,30,280,ノーマル,,24
288,やるき,,80,80,,80,ヤルキモノ,55,55,90,440,ノーマル,,46.5
289,なまけ,,160,100,,150,ケッキング,95,65,100,670,ノーマル,,130.5
290,ふくがん,,45,90,にげあし,31,ツチニン,30,30,40,266,むし,じめん,5.5
291,かそく,,90,45,すりぬけ,61,テッカニン,50,50,160,456,むし,ひこう,12
292,ふしぎなまもり,,90,45,,1,ヌケニン,30,30,40,236,むし,ゴースト,1.2
293,ぼうおん,,51,23,びびり,64,ゴニョニョ,51,23,28,240,ノーマル,,16.3
294,ぼうおん,,71,43,きもったま,84,ドゴーム,71,43,48,360,ノーマル,,40.5
295,ぼうおん,,91,63,きもったま,104,バクオング,91,73,68,490,ノーマル,,84
296,あついしぼう,こんじょう,60,30,ちからずく,72,マクノシタ,20,30,25,237,かくとう,,86.4
297,あついしぼう,こんじょう,120,60,ちからずく,144,ハリテヤマ,40,60,50,474,かくとう,,253.8
298,あついしぼう,ちからもち,20,40,そうしょく,50,ルリリ,20,40,20,190,ノーマル,フェアリー,2
299,がんじょう,じりょく,45,135,すなのちから,30,ノズパス,45,90,30,375,いわ,,97
300,メロメロボディ,ノーマルスキン,45,45,ミラクルスキン,50,エネコ,35,35,50,260,ノーマル,,11
301,メロメロボディ,ノーマルスキン,65,65,ミラクルスキン,70,エネコロロ,55,55,90,400,ノーマル,,32.6
302,するどいめ,あとだし,75,75,いたずらごころ,50,ヤミラミ,65,65,50,380,あく,ゴースト,11
303,かいりきバサミ,いかく,85,85,ちからずく,50,クチート,55,55,50,380,はがね,フェアリー,11.5
304,がんじょう,いしあたま,70,100,ヘヴィメタル,50,ココドラ,40,40,30,330,はがね,いわ,60
305,がんじょう,いしあたま,90,140,ヘヴィメタル,60,コドラ,50,50,40,430,はがね,いわ,120
306,がんじょう,いしあたま,110,180,ヘヴィメタル,70,ボスゴドラ,60,60,50,530,はがね,いわ,360
307,ヨガパワー,,40,55,テレパシー,30,アサナン,40,55,60,280,かくとう,エスパー,11.2
308,ヨガパワー,,60,75,テレパシー,60,チャーレム,60,75,80,410,かくとう,エスパー,31.5
309,せいでんき,ひらいしん,45,40,マイナス,40,ラクライ,65,40,65,295,でんき,,15.2
310,せいでんき,ひらいしん,75,60,マイナス,70,ライボルト,105,60,105,475,でんき,,40.2
311,プラス,,50,40,ひらいしん,60,プラスル,85,75,95,405,でんき,,4.2
312,マイナス,,40,50,ちくでん,60,マイナン,75,85,95,405,でんき,,4.2
313,はっこう,むしのしらせ,73,75,いたずらごころ,65,バルビート,47,85,85,430,むし,,17.7
314,どんかん,いろめがね,47,75,いたずらごころ,65,イルミーゼ,73,85,85,430,むし,,17.7
315,しぜんかいふく,どくのトゲ,60,45,リーフガード,50,ロゼリア,100,80,65,400,くさ,どく,2
316,ヘドロえき,ねんちゃく,43,53,くいしんぼう,70,ゴクリン,43,53,40,302,どく,,10.3
317,ヘドロえき,ねんちゃく,73,83,くいしんぼう,100,マルノーム,73,83,55,467,どく,,80
318,さめはだ,,90,20,かそく,45,キバニア,65,20,65,305,みず,あく,20.8
319,さめはだ,,120,40,かそく,70,サメハダー,95,40,95,460,みず,あく,88.8
320,みずのベール,どんかん,70,35,プレッシャー,130,ホエルコ,70,35,60,400,みず,,130
321,みずのベール,どんかん,90,45,プレッシャー,170,ホエルオー,90,45,60,500,みず,,398
322,どんかん,たんじゅん,60,40,マイペース,60,ドンメル,65,45,35,305,ほのお,じめん,24
323,マグマのよろい,ハードロック,100,70,いかりのつぼ,70,バクーダ,105,75,40,460,ほのお,じめん,220
324,しろいけむり,ひでり,85,140,シェルアーマー,70,コータス,85,70,20,470,ほのお,,80.4
325,あついしぼう,マイペース,25,35,くいしんぼう,60,バネブー,70,80,60,330,エスパー,,30.6
326,あついしぼう,マイペース,45,65,くいしんぼう,80,ブーピッグ,90,110,80,470,エスパー,,71.5
327,マイペース,ちどりあし,60,60,あまのじゃく,60,パッチール,60,60,60,360,ノーマル,,5
328,かいりきバサミ,ありじごく,100,45,ちからずく,45,ナックラー,45,45,10,290,じめん,,15
329,ふゆう,,70,50,,50,ビブラーバ,50,50,70,340,じめん,ドラゴン,15.3
330,ふゆう,,100,80,,80,フライゴン,80,80,100,520,じめん,ドラゴン,82
331,すながくれ,,85,40,ちょすい,50,サボネア,85,40,35,335,くさ,,51.3
332,すながくれ,,115,60,ちょすい,70,ノクタス,115,60,55,475,くさ,あく,77.4
333,しぜんかいふく,,40,60,ノーてんき,45,チルット,40,75,50,310,ノーマル,ひこう,1.2
334,しぜんかいふく,,70,90,ノーてんき,75,チルタリス,70,105,80,490,ドラゴン,ひこう,20.6
335,めんえき,,115,60,どくぼうそう,73,ザングース,60,60,90,458,ノーマル,,40.3
336,だっぴ,,100,60,すりぬけ,73,ハブネーク,100,60,65,458,どく,,52.5
337,ふゆう,,55,65,,90,ルナトーン,95,85,70,460,いわ,エスパー,168
338,ふゆう,,95,85,,90,ソルロック,55,65,70,460,いわ,エスパー,154
339,どんかん,きけんよち,48,43,うるおいボディ,50,ドジョッチ,46,41,60,288,みず,じめん,1.9
340,どんかん,きけんよち,78,73,うるおいボディ,110,ナマズン,76,71,60,468,みず,じめん,23.6
341,かいりきバサミ,シェルアーマー,80,65,てきおうりょく,43,ヘイガニ,50,35,35,308,みず,,11.5
342,かいりきバサミ,シェルアーマー,120,85,てきおうりょく,63,シザリガー,90,55,55,468,みず,あく,32.8
343,ふゆう,,40,55,,40,ヤジロン,40,70,55,300,じめん,エスパー,21.5
344,ふゆう,,70,105,,60,ネンドール,70,120,75,500,じめん,エスパー,108
345,きゅうばん,,41,77,よびみず,66,リリーラ,61,87,23,355,いわ,くさ,23.8
346,きゅうばん,,81,97,よびみず,86,ユレイドル,81,107,43,495,いわ,くさ,60.4
347,カブトアーマー,,95,50,すいすい,45,アノプス,40,50,75,355,いわ,むし,12.5
348,カブトアーマー,,125,100,すいすい,75,アーマルド,70,80,45,495,いわ,むし,68.2
349,すいすい,どんかん,15,20,てきおうりょく,20,ヒンバス,10,55,80,200,みず,,7.4
350,ふしぎなうろこ,かちき,60,79,メロメロボディ,95,ミロカロス,100,125,81,540,みず,,162
351,てんきや,,70,70,,70,ポワルン,70,70,70,420,ノーマル,,0.8
352,へんしょく,,90,70,へんげんじざい,60,カクレオン,60,120,40,440,ノーマル,,22
353,ふみん,おみとおし,75,35,のろわれボディ,44,カゲボウズ,63,33,45,295,ゴースト,,2.3
354,ふみん,おみとおし,115,65,のろわれボディ,64,ジュペッタ,83,63,65,455,ゴースト,,12.5
355,ふゆう,,40,90,おみとおし,20,ヨマワル,30,90,25,295,ゴースト,,15
356,プレッシャー,,70,130,おみとおし,40,サマヨール,60,130,25,455,ゴースト,,30.6
357,ようりょくそ,サンパワー,68,83,しゅうかく,99,トロピウス,72,87,51,460,くさ,ひこう,100
358,ふゆう,,50,80,,75,チリーン,95,90,65,455,エスパー,,1
359,プレッシャー,きょううん,130,60,せいぎのこころ,65,アブソル,75,60,75,465,あく,,47
360,かげふみ,,23,48,テレパシー,95,ソーナノ,23,48,23,260,エスパー,,14
361,せいしんりょく,アイスボディ,50,50,ムラっけ,50,ユキワラシ,50,50,50,300,こおり,,16.8
362,せいしんりょく,アイスボディ,80,80,ムラっけ,80,オニゴーリ,80,80,80,480,こおり,,256.5
363,あついしぼう,アイスボディ,40,50,どんかん,70,タマザラシ,55,50,25,290,こおり,みず,39.5
364,あついしぼう,アイスボディ,60,70,どんかん,90,トドグラー,75,70,45,410,こおり,みず,87.6
365,あついしぼう,アイスボディ,80,90,どんかん,110,トドゼルガ,95,90,65,530,こおり,みず,150.6
366,シェルアーマー,,64,85,びびり,35,パールル,74,55,32,345,みず,,52.5
367,すいすい,,104,105,みずのベール,55,ハンテール,94,75,52,485,みず,,27
368,すいすい,,84,105,うるおいボディ,55,サクラビス,114,75,52,485,みず,,22.6
369,すいすい,いしあたま,90,130,がんじょう,100,ジーランス,45,65,55,485,みず,いわ,23.4
370,すいすい,,30,55,うるおいボディ,43,ラブカス,40,65,97,330,みず,,8.7
371,いしあたま,,75,60,ちからずく,45,タツベイ,40,30,50,300,ドラゴン,,42.1
372,いしあたま,,95,100,ぼうじん,65,コモルー,60,50,50,420,ドラゴン,,110.5
373,いかく,,135,80,じしんかじょう,95,ボーマンダ,110,80,100,600,ドラゴン,ひこう,102.6
374,クリアボディ,,55,80,ライトメタル,40,ダンバル,35,60,30,300,はがね,エスパー,95.2
375,クリアボディ,,75,100,ライトメタル,60,メタング,55,80,50,420,はがね,エスパー,202.5
376,クリアボディ,,135,130,ライトメタル,80,メタグロス,95,90,70,600,はがね,エスパー,550
377,クリアボディ,,100,200,がんじょう,80,レジロック,50,100,50,580,いわ,,230
378,クリアボディ,,50,100,アイスボディ,80,レジアイス,100,200,50,580,こおり,,175
379,クリアボディ,,75,150,ライトメタル,80,レジスチル,75,150,50,580,はがね,,205
380,ふゆう,,80,90,,80,ラティアス,110,130,110,600,ドラゴン,エスパー,40
381,ふゆう,,90,80,,80,ラティオス,130,110,110,600,ドラゴン,エスパー,60
382,あめふらし,,100,90,,100,カイオーガ,150,140,90,670,みず,,352
383,ひでり,,150,140,,100,グラードン,100,90,90,670,じめん,,950
384,エアロック,,150,90,,105,レックウザ,150,90,95,680,ドラゴン,ひこう,206.5
385,てんのめぐみ,,100,100,,100,ジラーチ,100,100,100,600,はがね,エスパー,1.1
386,プレッシャー,,150,50,,50,デオキシス,150,50,150,600,エスパー,,60.8
387,しんりょく,,68,64,シェルアーマー,55,ナエトル,45,55,31,318,くさ,,10.2
388,しんりょく,,89,85,シェルアーマー,75,ハヤシガメ,55,65,36,405,くさ,,97
389,しんりょく,,109,105,シェルアーマー,95,ドダイトス,75,85,56,525,くさ,じめん,310
390,もうか,,58,44,てつのこぶし,44,ヒコザル,58,44,61,309,ほのお,,6.2
391,もうか,,78,52,てつのこぶし,64,モウカザル,78,52,81,405,ほのお,かくとう,22
392,もうか,,104,71,てつのこぶし,76,ゴウカザル,104,71,108,534,ほのお,かくとう,55
393,げきりゅう,,51,53,かちき,53,ポッチャマ,61,56,40,314,みず,,5.2
394,げきりゅう,,66,68,かちき,64,ポッタイシ,81,76,50,405,みず,,23
395,げきりゅう,,86,88,かちき,84,エンペルト,111,101,60,530,みず,はがね,84.5
396,するどいめ,,55,30,すてみ,40,ムックル,30,30,60,245,ノーマル,ひこう,2
397,いかく,,75,50,すてみ,55,ムクバード,40,40,80,340,ノーマル,ひこう,15.5
398,いかく,,120,70,すてみ,85,ムクホーク,50,60,100,485,ノーマル,ひこう,24.9
399,たんじゅん,てんねん,45,40,ムラっけ,59,ビッパ,35,40,31,250,ノーマル,,20
400,たんじゅん,てんねん,85,60,ムラっけ,79,ビーダル,55,60,71,410,ノーマル,みず,31.5
401,だっぴ,,25,41,にげあし,37,コロボーシ,25,41,25,194,むし,,2.2
402,むしのしらせ,,85,51,テクニシャン,77,コロトック,55,51,65,384,むし,,25.5
403,とうそうしん,いかく,65,34,こんじょう,45,コリンク,40,34,45,263,でんき,,9.5
404,とうそうしん,いかく,85,49,こんじょう,60,ルクシオ,60,49,60,363,でんき,,30.5
405,とうそうしん,いかく,120,79,こんじょう,80,レントラー,95,79,70,523,でんき,,42
406,しぜんかいふく,どくのトゲ,30,35,リーフガード,40,スボミー,50,70,55,280,くさ,どく,1.2
407,しぜんかいふく,どくのトゲ,70,65,テクニシャン,60,ロズレイド,125,105,90,515,くさ,どく,14.5
408,かたやぶり,,125,40,ちからずく,67,ズガイドス,30,30,58,350,いわ,,31.5
409,かたやぶり,,165,60,ちからずく,97,ラムパルド,65,50,58,495,いわ,,102.5
410,がんじょう,,42,118,ぼうおん,30,タテトプス,42,88,30,350,いわ,はがね,57
411,がんじょう,,52,168,ぼうおん,60,トリデプス,47,138,30,495,いわ,はがね,149.5
412,だっぴ,,29,45,ぼうじん,40,ミノムッチ,29,45,36,224,むし,,3.4
413,きけんよち,,59,85,ぼうじん,60,ミノマダム,79,105,36,424,むし,くさ,6.5
414,むしのしらせ,,94,50,いろめがね,70,ガーメイル,94,50,66,424,むし,ひこう,23.3
415,みつあつめ,,30,42,はりきり,30,ミツハニー,30,42,70,244,むし,ひこう,5.5
416,プレッシャー,,80,102,きんちょうかん,70,ビークイン,80,102,40,474,むし,ひこう,38.5
417,にげあし,ものひろい,45,70,ちくでん,60,パチリス,45,90,95,405,でんき,,3.9
418,すいすい,,65,35,みずのベール,55,ブイゼル,60,30,85,330,みず,,29.5
419,すいすい,,105,55,みずのベール,85,フローゼル,85,50,115,495,みず,,33.5
420,ようりょくそ,,35,45,,45,チェリンボ,62,53,35,275,くさ,,3.3
421,フラワーギフト,,60,70,,70,チェリム,87,78,85,450,くさ,,9.3
422,ねんちゃく,よびみず,48,48,すなのちから,76,カラナクシ,57,62,34,325,みず,,6.3
423,ねんちゃく,よびみず,83,68,すなのちから,111,トリトドン,92,82,39,475,みず,じめん,29.9
424,テクニシャン,ものひろい,100,66,スキルリンク,75,エテボース,60,66,115,482,ノーマル,,20.3
425,ゆうばく,かるわざ,50,34,ねつぼうそう,90,フワンテ,60,44,70,348,ゴースト,ひこう,1.2
426,ゆうばく,かるわざ,80,44,ねつぼうそう,150,フワライド,90,54,80,498,ゴースト,ひこう,15
427,にげあし,ぶきよう,66,44,じゅうなん,55,ミミロル,44,56,85,350,ノーマル,,5.5
428,メロメロボディ,ぶきよう,76,84,じゅうなん,65,ミミロップ,54,96,105,480,ノーマル,,33.3
429,ふゆう,,60,60,,60,ムウマージ,105,105,105,495,ゴースト,,4.4
430,ふみん,きょううん,125,52,じしんかじょう,100,ドンカラス,105,52,71,505,あく,ひこう,27.3
431,じゅうなん,マイペース,55,42,するどいめ,49,ニャルマー,42,37,85,310,ノーマル,,3.9
432,あついしぼう,マイペース,82,64,まけんき,71,ブニャット,64,59,112,452,ノーマル,,43.8
433,ふゆう,,30,50,,45,リーシャン,65,50,45,285,エスパー,,0.6
434,あくしゅう,ゆうばく,63,47,するどいめ,63,スカンプー,41,41,74,329,どく,あく,19.2
435,あくしゅう,ゆうばく,93,67,するどいめ,103,スカタンク,71,61,84,479,どく,あく,38
436,ふゆう,たいねつ,24,86,ヘヴィメタル,57,ドーミラー,24,86,23,300,はがね,エスパー,60.5
437,ふゆう,たいねつ,89,116,ヘヴィメタル,67,ドータクン,79,116,33,500,はがね,エスパー,187
438,がんじょう,いしあたま,80,95,びびり,50,ウソハチ,10,45,10,290,いわ,,15
439,ぼうおん,フィルター,25,45,テクニシャン,20,マネネ,70,90,60,310,エスパー,フェアリー,13
440,しぜんかいふく,てんのめぐみ,5,5,フレンドガード,100,ピンプク,15,65,30,220,ノーマル,,24.4
441,するどいめ,ちどりあし,65,45,はとむね,76,ペラップ,92,42,91,411,ノーマル,ひこう,1.9
442,プレッシャー,,92,108,すりぬけ,50,ミカルゲ,92,108,35,485,ゴースト,あく,108
443,すながくれ,,70,45,さめはだ,58,フカマル,40,45,42,300,ドラゴン,じめん,20.5
444,すながくれ,,90,65,さめはだ,68,ガバイト,50,55,82,410,ドラゴン,じめん,56
445,すながくれ,,130,95,さめはだ,108,ガブリアス,80,85,102,600,ドラゴン,じめん,95
446,ものひろい,あついしぼう,85,40,くいしんぼう,135,ゴンベ,40,85,5,390,ノーマル,,105
447,ふくつのこころ,せいしんりょく,70,40,いたずらごころ,40,リオル,35,40,60,285,かくとう,,20.2
448,ふくつのこころ,せいしんりょく,110,70,せいぎのこころ,70,ルカリオ,115,70,90,525,かくとう,はがね,54
449,すなおこし,,72,78,すなのちから,68,ヒポポタス,38,42,32,330,じめん,,49.5
450,すなおこし,,112,118,すなのちから,108,カバルドン,68,72,47,525,じめん,,300
451,カブトアーマー,スナイパー,50,90,するどいめ,40,スコルピ,30,55,65,330,どく,むし,12
452,カブトアーマー,スナイパー,90,110,するどいめ,70,ドラピオン,60,75,95,500,どく,あく,61.5
453,きけんよち,かんそうはだ,61,40,どくしゅ,48,グレッグル,61,40,50,300,どく,かくとう,23
454,きけんよち,かんそうはだ,106,65,どくしゅ,83,ドクロッグ,86,65,85,490,どく,かくとう,44.4
455,ふゆう,,100,72,,74,マスキッパ,90,72,46,454,くさ,,27
456,すいすい,よびみず,49,56,みずのベール,49,ケイコウオ,49,61,66,330,みず,,7
457,すいすい,よびみず,69,76,みずのベール,69,ネオラント,69,86,91,460,みず,,24
458,すいすい,ちょすい,20,50,みずのベール,45,タマンタ,60,120,50,345,みず,ひこう,65
459,ゆきふらし,,62,50,ぼうおん,60,ユキカブリ,62,60,40,334,くさ,こおり,50.5
460,ゆきふらし,,92,75,ぼうおん,90,ユキノオー,92,85,60,494,くさ,こおり,135.5
461,プレッシャー,,120,65,わるいてぐせ,70,マニューラ,45,85,125,510,あく,こおり,34
462,じりょく,がんじょう,70,115,アナライズ,70,ジバコイル,130,90,60,535,でんき,はがね,180
463,マイペース,どんかん,85,95,ノーてんき,110,ベロベルト,80,95,50,515,ノーマル,,140
464,ひらいしん,ハードロック,140,130,すてみ,115,ドサイドン,55,55,40,535,じめん,いわ,282.8
465,ようりょくそ,リーフガード,100,125,さいせいりょく,100,モジャンボ,110,50,50,535,くさ,,128.6
466,でんきエンジン,,123,67,やるき,75,エレキブル,95,85,95,540,でんき,,138.6
467,ほのおのからだ,,95,67,やるき,75,ブーバーン,125,95,83,540,ほのお,,68
468,はりきり,てんのめぐみ,50,95,きょううん,85,トゲキッス,120,115,80,545,フェアリー,ひこう,38
469,かそく,いろめがね,76,86,おみとおし,86,メガヤンマ,116,56,95,515,むし,ひこう,51.5
470,リーフガード,,110,130,ようりょくそ,65,リーフィア,60,65,95,525,くさ,,25.5
471,ゆきがくれ,,60,110,アイスボディ,65,グレイシア,130,95,65,525,こおり,,25.9
472,かいりきバサミ,すながくれ,95,125,ポイズンヒール,75,グライオン,45,75,95,510,じめん,ひこう,42.5
473,どんかん,ゆきがくれ,130,80,あついしぼう,110,マンムー,70,60,80,530,こおり,じめん,291
474,てきおうりょく,ダウンロード,80,70,アナライズ,85,ポリゴンＺ,135,75,90,535,ノーマル,,34
475,ふくつのこころ,きれあじ,125,65,せいぎのこころ,68,エルレイド,65,115,80,518,エスパー,かくとう,52
476,がんじょう,じりょく,55,145,すなのちから,60,ダイノーズ,75,150,40,525,いわ,はがね,340
477,プレッシャー,,100,135,おみとおし,45,ヨノワール,65,135,45,525,ゴースト,,106.6
478,ゆきがくれ,,80,70,のろわれボディ,70,ユキメノコ,80,70,110,480,こおり,ゴースト,26.6
479,ふゆう,,50,77,,50,ロトム,95,77,91,440,でんき,ゴースト,0.3
480,ふゆう,,75,130,,75,ユクシー,75,130,95,580,エスパー,,0.3
481,ふゆう,,105,105,,80,エムリット,105,105,80,580,エスパー,,0.3
482,ふゆう,,125,70,,75,アグノム,125,70,115,580,エスパー,,0.3
483,プレッシャー,,120,120,テレパシー,100,ディアルガ,150,100,90,680,はがね,ドラゴン,683
484,プレッシャー,,120,100,テレパシー,90,パルキア,150,120,100,680,みず,ドラゴン,336
485,もらいび,,90,106,ほのおのからだ,91,ヒードラン,130,106,77,600,ほのお,はがね,430
486,スロースタート,,160,110,,110,レジギガス,80,110,100,670,ノーマル,,420
487,プレッシャー,,100,120,テレパシー,150,ギラティナ,100,120,90,680,ゴースト,ドラゴン,750
488,ふゆう,,70,110,,120,クレセリア,75,120,85,580,エスパー,,85.6
489,うるおいボディ,,80,80,,80,フィオネ,80,80,80,480,みず,,3.1
490,うるおいボディ,,100,100,,100,マナフィ,100,100,100,600,みず,,1.4
491,ナイトメア,,90,90,,70,ダークライ,135,90,125,600,あく,,50.5
492,しぜんかいふく,,100,100,,100,シェイミ,100,100,100,600,くさ,,2.1
493,マルチタイプ,,120,120,,120,アルセウス,120,120,120,720,ノーマル,,320
494,しょうりのほし,,100,100,,100,ビクティニ,100,100,100,600,エスパー,ほのお,4
495,しんりょく,,45,55,あまのじゃく,45,ツタージャ,45,55,63,308,くさ,,8.1
496,しんりょく,,60,75,あまのじゃく,60,ジャノビー,60,75,83,413,くさ,,16
497,しんりょく,,75,95,あまのじゃく,75,ジャローダ,75,95,113,528,くさ,,63
498,もうか,,63,45,あついしぼう,65,ポカブ,45,45,45,308,ほのお,,9.9
499,もうか,,93,55,あついしぼう,90,チャオブー,70,55,55,418,ほのお,かくとう,55.5
500,もうか,,123,65,すてみ,110,エンブオー,100,65,65,528,ほのお,かくとう,150
501,げきりゅう,,55,45,シェルアーマー,55,ミジュマル,63,45,45,308,みず,,5.9
502,げきりゅう,,75,60,シェルアーマー,75,フタチマル,83,60,60,413,みず,,24.5
503,げきりゅう,,100,85,シェルアーマー,95,ダイケンキ,108,70,70,528,みず,,94.6
504,にげあし,するどいめ,55,39,アナライズ,45,ミネズミ,35,39,42,255,ノーマル,,11.6
505,はっこう,するどいめ,85,69,アナライズ,60,ミルホッグ,60,69,77,420,ノーマル,,27
506,やるき,ものひろい,60,45,にげあし,45,ヨーテリー,25,45,55,275,ノーマル,,4.1
507,いかく,すなかき,80,65,きもったま,65,ハーデリア,35,65,60,370,ノーマル,,14.7
508,いかく,すなかき,110,90,きもったま,85,ムーランド,45,90,80,500,ノーマル,,61
509,じゅうなん,かるわざ,50,37,いたずらごころ,41,チョロネコ,50,37,66,281,あく,,10.1
510,じゅうなん,かるわざ,88,50,いたずらごころ,64,レパルダス,88,50,106,446,あく,,37.5
511,くいしんぼう,,53,48,しんりょく,50,ヤナップ,53,48,64,316,くさ,,10.5
512,くいしんぼう,,98,63,しんりょく,75,ヤナッキー,98,63,101,498,くさ,,30.5
513,くいしんぼう,,53,48,もうか,50,バオップ,53,48,64,316,ほのお,,11
514,くいしんぼう,,98,63,もうか,75,バオッキー,98,63,101,498,ほのお,,28
515,くいしんぼう,,53,48,げきりゅう,50,ヒヤップ,53,48,64,316,みず,,13.5
516,くいしんぼう,,98,63,げきりゅう,75,ヒヤッキー,98,63,101,498,みず,,29
517,よちむ,シンクロ,25,45,テレパシー,76,ムンナ,67,55,24,292,エスパー,,23.3
518,よちむ,シンクロ,55,85,テレパシー,116,ムシャーナ,107,95,29,487,エスパー,,60.5
519,はとむね,きょううん,55,50,とうそうしん,50,マメパト,36,30,43,264,ノーマル,ひこう,2.1
520,はとむね,きょううん,77,62,とうそうしん,62,ハトーボー,50,42,65,358,ノーマル,ひこう,15
521,はとむね,きょううん,115,80,とうそうしん,80,ケンホロウ,65,55,93,488,ノーマル,ひこう,29
522,ひらいしん,でんきエンジン,60,32,そうしょく,45,シママ,50,32,76,295,でんき,,29.8
523,ひらいしん,でんきエンジン,100,63,そうしょく,75,ゼブライカ,80,63,116,497,でんき,,79.5
524,がんじょう,くだけるよろい,75,85,すなのちから,55,ダンゴロ,25,25,15,280,いわ,,18
525,がんじょう,くだけるよろい,105,105,すなのちから,70,ガントル,50,40,20,390,いわ,,102
526,がんじょう,すなおこし,135,130,すなのちから,85,ギガイアス,60,80,25,515,いわ,,260
527,てんねん,ぶきよう,45,43,たんじゅん,65,コロモリ,55,43,72,323,エスパー,ひこう,2.1
528,てんねん,ぶきよう,57,55,たんじゅん,67,ココロモリ,77,55,114,425,エスパー,ひこう,10.5
529,すなかき,すなのちから,85,40,かたやぶり,60,モグリュー,30,45,68,328,じめん,,8.5
530,すなかき,すなのちから,135,60,かたやぶり,110,ドリュウズ,50,65,88,508,じめん,はがね,40.4
531,いやしのこころ,さいせいりょく,60,86,ぶきよう,103,タブンネ,60,86,50,445,ノーマル,,31
532,こんじょう,ちからずく,80,55,てつのこぶし,75,ドッコラー,25,35,35,305,かくとう,,12.5
533,こんじょう,ちからずく,105,85,てつのこぶし,85,ドテッコツ,40,50,40,405,かくとう,,40
534,こんじょう,ちからずく,140,95,てつのこぶし,105,ローブシン,55,65,45,505,かくとう,,87
535,すいすい,うるおいボディ,50,40,ちょすい,50,オタマロ,50,40,64,294,みず,,4.5
536,すいすい,うるおいボディ,65,55,ちょすい,75,ガマガル,65,55,69,384,みず,じめん,17
537,すいすい,どくしゅ,95,75,ちょすい,105,ガマゲロゲ,85,75,74,509,みず,じめん,62
538,こんじょう,せいしんりょく,100,85,かたやぶり,120,ナゲキ,30,85,45,465,かくとう,,55.5
539,がんじょう,せいしんりょく,125,75,かたやぶり,75,ダゲキ,30,75,85,465,かくとう,,51
540,むしのしらせ,ようりょくそ,53,70,ぼうじん,45,クルミル,40,60,42,310,むし,くさ,2.5
541,リーフガード,ようりょくそ,63,90,ぼうじん,55,クルマユ,50,80,42,380,むし,くさ,7.3
542,むしのしらせ,ようりょくそ,103,80,ぼうじん,75,ハハコモリ,70,80,92,500,むし,くさ,20.5
543,どくのトゲ,むしのしらせ,45,59,かそく,30,フシデ,30,39,57,260,むし,どく,5.3
544,どくのトゲ,むしのしらせ,55,99,かそく,40,ホイーガ,40,79,47,360,むし,どく,58.5
545,どくのトゲ,むしのしらせ,100,89,かそく,60,ペンドラー,55,69,112,485,むし,どく,200.5
546,いたずらごころ,すりぬけ,27,60,ようりょくそ,40,モンメン,37,50,66,280,くさ,フェアリー,0.6
547,いたずらごころ,すりぬけ,67,85,ようりょくそ,60,エルフーン,77,75,116,480,くさ,フェアリー,6.6
548,ようりょくそ,マイペース,35,50,リーフガード,45,チュリネ,70,50,30,280,くさ,,6.6
549,ようりょくそ,マイペース,60,75,リーフガード,70,ドレディア,110,75,90,480,くさ,,16.3
550,すてみ,てきおうりょく,92,65,かたやぶり,70,バスラオ,80,55,98,460,みず,,18
551,いかく,じしんかじょう,72,35,いかりのつぼ,50,メグロコ,35,35,65,292,じめん,あく,15.2
552,いかく,じしんかじょう,82,45,いかりのつぼ,60,ワルビル,45,45,74,351,じめん,あく,33.4
553,いかく,じしんかじょう,117,80,いかりのつぼ,95,ワルビアル,65,70,92,519,じめん,あく,96.3
554,はりきり,,90,45,せいしんりょく,70,ダルマッカ,15,45,50,315,ほのお,,37.5
555,ちからずく,,140,55,ダルマモード,105,ヒヒダルマ,30,55,95,480,ほのお,,92.9
556,ちょすい,ようりょくそ,86,67,よびみず,75,マラカッチ,106,67,60,461,くさ,,28
557,がんじょう,シェルアーマー,65,85,くだけるよろい,50,イシズマイ,35,35,55,325,むし,いわ,14.5
558,がんじょう,シェルアーマー,105,125,くだけるよろい,70,イワパレス,65,75,45,485,むし,いわ,200
559,だっぴ,じしんかじょう,75,70,いかく,50,ズルッグ,35,70,48,348,あく,かくとう,11.8
560,だっぴ,じしんかじょう,90,115,いかく,65,ズルズキン,45,115,58,488,あく,かくとう,30
561,ミラクルスキン,マジックガード,58,80,いろめがね,72,シンボラー,103,80,97,490,エスパー,ひこう,14
562,ミイラ,,30,85,,38,デスマス,55,65,30,303,ゴースト,,1.5
563,ミイラ,,50,145,,58,デスカーン,95,105,30,483,ゴースト,,76.5
564,ハードロック,がんじょう,78,103,すいすい,54,プロトーガ,53,45,22,355,みず,いわ,16.5
565,ハードロック,がんじょう,108,133,すいすい,74,アバゴーラ,83,65,32,495,みず,いわ,81
566,よわき,,112,45,,55,アーケン,74,45,70,401,いわ,ひこう,9.5
567,よわき,,140,65,,75,アーケオス,112,65,110,567,いわ,ひこう,32
568,あくしゅう,ねんちゃく,50,62,ゆうばく,50,ヤブクロン,40,62,65,329,どく,,31
569,あくしゅう,くだけるよろい,95,82,ゆうばく,80,ダストダス,60,82,75,474,どく,,107.3
570,イリュージョン,,65,40,,40,ゾロア,80,40,65,330,あく,,12.5
571,イリュージョン,,105,60,,60,ゾロアーク,120,60,105,510,あく,,81.1
572,メロメロボディ,テクニシャン,50,40,スキルリンク,55,チラーミィ,40,40,75,300,ノーマル,,5.8
573,メロメロボディ,テクニシャン,95,60,スキルリンク,75,チラチーノ,65,60,115,470,ノーマル,,7.5
574,おみとおし,かちき,30,50,かげふみ,45,ゴチム,55,65,45,290,エスパー,,5.8
575,おみとおし,かちき,45,70,かげふみ,60,ゴチミル,75,85,55,390,エスパー,,18
576,おみとおし,かちき,55,95,かげふみ,70,ゴチルゼル,95,110,65,490,エスパー,,44
577,ぼうじん,マジックガード,30,40,さいせいりょく,45,ユニラン,105,50,20,290,エスパー,,1
578,ぼうじん,マジックガード,40,50,さいせいりょく,65,ダブラン,125,60,30,370,エスパー,,8
579,ぼうじん,マジックガード,65,75,さいせいりょく,110,ランクルス,125,85,30,490,エスパー,,20.1
580,するどいめ,はとむね,44,50,うるおいボディ,62,コアルヒー,44,50,55,305,みず,ひこう,5.5
581,するどいめ,はとむね,87,63,うるおいボディ,75,スワンナ,87,63,98,473,みず,ひこう,24.2
582,アイスボディ,ゆきがくれ,50,50,くだけるよろい,36,バニプッチ,65,60,44,305,こおり,,5.7
583,アイスボディ,ゆきがくれ,65,65,くだけるよろい,51,バニリッチ,80,75,59,395,こおり,,41
584,アイスボディ,ゆきふらし,95,85,くだけるよろい,71,バイバニラ,110,95,79,535,こおり,,57.5
585,ようりょくそ,そうしょく,60,50,てんのめぐみ,60,シキジカ,40,50,75,335,ノーマル,くさ,19.5
586,ようりょくそ,そうしょく,100,70,てんのめぐみ,80,メブキジカ,60,70,95,475,ノーマル,くさ,92.5
587,せいでんき,,75,60,でんきエンジン,55,エモンガ,75,60,103,428,でんき,ひこう,5
588,むしのしらせ,だっぴ,75,45,ノーガード,50,カブルモ,40,45,60,315,むし,,5.9
589,むしのしらせ,シェルアーマー,135,105,ぼうじん,70,シュバルゴ,60,105,20,495,むし,はがね,33
590,ほうし,,55,45,さいせいりょく,69,タマゲタケ,55,55,15,294,くさ,どく,1
591,ほうし,,85,70,さいせいりょく,114,モロバレル,85,80,30,464,くさ,どく,10.5
592,ちょすい,のろわれボディ,40,50,しめりけ,55,プルリル,65,85,40,335,みず,ゴースト,33
593,ちょすい,のろわれボディ,60,70,しめりけ,100,ブルンゲル,85,105,60,480,みず,ゴースト,135
594,いやしのこころ,うるおいボディ,75,80,さいせいりょく,165,ママンボウ,40,45,65,470,みず,,31.6
595,ふくがん,きんちょうかん,47,50,むしのしらせ,50,バチュル,57,50,65,319,むし,でんき,0.6
596,ふくがん,きんちょうかん,77,60,むしのしらせ,70,デンチュラ,97,60,108,472,むし,でんき,14.3
597,てつのトゲ,,50,91,,44,テッシード,24,86,10,305,くさ,はがね,18.8
598,てつのトゲ,,94,131,きけんよち,74,ナットレイ,54,116,20,489,くさ,はがね,110
599,プラス,マイナス,55,70,クリアボディ,40,ギアル,45,60,30,300,はがね,,21
600,プラス,マイナス,80,95,クリアボディ,60,ギギアル,70,85,50,440,はがね,,51
601,プラス,マイナス,100,115,クリアボディ,60,ギギギアル,70,85,90,520,はがね,,81
602,ふゆう,,55,40,,35,シビシラス,45,40,60,275,でんき,,0.3
603,ふゆう,,85,70,,65,シビビール,75,70,40,405,でんき,,22
604,ふゆう,,115,80,,85,シビルドン,105,80,50,515,でんき,,80.5
605,テレパシー,シンクロ,55,55,アナライズ,55,リグレー,85,55,30,335,エスパー,,9
606,テレパシー,シンクロ,75,75,アナライズ,75,オーベム,125,95,40,485,エスパー,,34.5
607,もらいび,ほのおのからだ,30,55,すりぬけ,50,ヒトモシ,65,55,20,275,ゴースト,ほのお,3.1
608,もらいび,ほのおのからだ,40,60,すりぬけ,60,ランプラー,95,60,55,370,ゴースト,ほのお,13
609,もらいび,ほのおのからだ,55,90,すりぬけ,60,シャンデラ,145,90,80,520,ゴースト,ほのお,34.3
610,とうそうしん,かたやぶり,87,60,きんちょうかん,46,キバゴ,30,40,57,320,ドラゴン,,18
611,とうそうしん,かたやぶり,117,70,きんちょうかん,66,オノンド,40,50,67,410,ドラゴン,,36
612,とうそうしん,かたやぶり,147,90,きんちょうかん,76,オノノクス,60,70,97,540,ドラゴン,,105.5
613,ゆきがくれ,ゆきかき,70,40,びびり,55,クマシュン,60,40,40,305,こおり,,8.5
614,ゆきがくれ,ゆきかき,130,80,すいすい,95,ツンベアー,70,80,50,505,こおり,,260
615,ふゆう,,50,50,,80,フリージオ,95,135,105,515,こおり,,148
616,うるおいボディ,シェルアーマー,40,85,ぼうじん,50,チョボマキ,40,65,25,305,むし,,7.7
617,うるおいボディ,ねんちゃく,70,40,かるわざ,80,アギルダー,100,60,145,495,むし,,25.3
618,せいでんき,じゅうなん,66,84,すながくれ,109,マッギョ,81,99,32,471,じめん,でんき,11
619,せいしんりょく,さいせいりょく,85,50,すてみ,45,コジョフー,55,50,65,350,かくとう,,20
620,せいしんりょく,さいせいりょく,125,60,すてみ,65,コジョンド,95,60,105,510,かくとう,,35.5
621,さめはだ,ちからずく,120,90,かたやぶり,77,クリムガン,60,90,48,485,ドラゴン,,139
622,てつのこぶし,ぶきよう,74,50,ノーガード,59,ゴビット,35,50,35,303,じめん,ゴースト,92
623,てつのこぶし,ぶきよう,124,80,ノーガード,89,ゴルーグ,55,80,55,483,じめん,ゴースト,330
624,まけんき,せいしんりょく,85,70,プレッシャー,45,コマタナ,40,40,60,340,あく,はがね,10.2
625,まけんき,せいしんりょく,125,100,プレッシャー,65,キリキザン,60,70,70,490,あく,はがね,70
626,すてみ,そうしょく,110,95,ぼうおん,95,バッフロン,40,95,55,490,ノーマル,,94.6
627,するどいめ,ちからずく,83,50,はりきり,70,ワシボン,37,50,60,350,ノーマル,ひこう,10.5
628,するどいめ,ちからずく,123,75,まけんき,100,ウォーグル,57,75,80,510,ノーマル,ひこう,41
629,はとむね,ぼうじん,55,75,くだけるよろい,70,バルチャイ,45,65,60,370,あく,ひこう,9
630,はとむね,ぼうじん,65,105,くだけるよろい,110,バルジーナ,55,95,80,510,あく,ひこう,39.5
631,くいしんぼう,もらいび,97,66,しろいけむり,85,クイタラン,105,66,65,484,ほのお,,58
632,むしのしらせ,はりきり,109,112,なまけ,58,アイアント,48,48,109,484,むし,はがね,33
633,はりきり,,65,50,,52,モノズ,45,50,38,300,あく,ドラゴン,17.3
634,はりきり,,85,70,,72,ジヘッド,65,70,58,420,あく,ドラゴン,50
635,ふゆう,,105,90,,92,サザンドラ,125,90,98,600,あく,ドラゴン,160
636,ほのおのからだ,,85,55,むしのしらせ,55,メラルバ,50,55,60,360,むし,ほのお,28.8
637,ほのおのからだ,,60,65,むしのしらせ,85,ウルガモス,135,105,100,550,むし,ほのお,46
638,せいぎのこころ,,90,129,,91,コバルオン,90,72,108,580,はがね,かくとう,250
639,せいぎのこころ,,129,90,,91,テラキオン,72,90,108,580,いわ,かくとう,260
640,せいぎのこころ,,90,72,,91,ビリジオン,90,129,108,580,くさ,かくとう,200
641,いたずらごころ,,115,70,まけんき,79,トルネロス,125,80,111,580,ひこう,,63
642,いたずらごころ,,115,70,まけんき,79,ボルトロス,125,80,111,580,でんき,ひこう,61
643,ターボブレイズ,,120,100,,100,レシラム,150,120,90,680,ドラゴン,ほのお,330
644,テラボルテージ,,150,120,,100,ゼクロム,120,100,90,680,ドラゴン,でんき,345
645,すなのちから,,125,90,ちからずく,89,ランドロス,115,80,101,600,じめん,ひこう,68
646,プレッシャー,,130,90,,125,キュレム,130,90,95,660,ドラゴン,こおり,325
647,せいぎのこころ,,72,90,,91,ケルディオ,129,90,108,580,みず,かくとう,48.5
648,てんのめぐみ,,77,77,,100,メロエッタ,128,128,90,600,ノーマル,エスパー,6.5
649,ダウンロード,,120,95,,71,ゲノセクト,120,95,99,600,むし,はがね,82.5
650,しんりょく,,61,65,ぼうだん,56,ハリマロン,48,45,38,313,くさ,,9
651,しんりょく,,78,95,ぼうだん,61,ハリボーグ,56,58,57,405,くさ,,29
652,しんりょく,,107,122,ぼうだん,88,ブリガロン,74,75,64,530,くさ,かくとう,90
653,もうか,,45,40,マジシャン,40,フォッコ,62,60,60,307,ほのお,,9.4
654,もうか,,59,58,マジシャン,59,テールナー,90,70,73,409,ほのお,,14.5
655,もうか,,69,72,マジシャン,75,マフォクシー,114,100,104,534,ほのお,エスパー,39
656,げきりゅう,,56,40,へんげんじざい,41,ケロマツ,62,44,71,314,みず,,7
657,げきりゅう,,63,52,へんげんじざい,54,ゲコガシラ,83,56,97,405,みず,,10.9
658,げきりゅう,,95,67,へんげんじざい,72,ゲッコウガ,103,71,122,530,みず,あく,40
659,ものひろい,ほおぶくろ,36,38,ちからもち,38,ホルビー,32,36,57,237,ノーマル,,5
660,ものひろい,ほおぶくろ,56,77,ちからもち,85,ホルード,50,77,78,423,ノーマル,じめん,42.4
661,はとむね,,50,43,はやてのつばさ,45,ヤヤコマ,40,38,62,278,ノーマル,ひこう,1.7
662,ほのおのからだ,,73,55,はやてのつばさ,62,ヒノヤコマ,56,52,84,382,ほのお,ひこう,16
663,ほのおのからだ,,81,71,はやてのつばさ,78,ファイアロー,74,69,126,499,ほのお,ひこう,24.5
664,りんぷん,ふくがん,35,40,フレンドガード,38,コフキムシ,27,25,35,200,むし,,2.5
665,だっぴ,,22,60,フレンドガード,45,コフーライ,27,30,29,213,むし,,8.4
666,りんぷん,ふくがん,52,50,フレンドガード,80,ビビヨン,90,50,89,411,むし,ひこう,17
667,とうそうしん,きんちょうかん,50,58,じしんかじょう,62,シシコ,73,54,72,369,ほのお,ノーマル,13.5
668,とうそうしん,きんちょうかん,68,72,じしんかじょう,86,カエンジシ,109,66,106,507,ほのお,ノーマル,81.5
669,フラワーベール,,38,39,きょうせい,44,フラベベ,61,79,42,303,フェアリー,,0.1
670,フラワーベール,,45,47,きょうせい,54,フラエッテ,75,98,52,371,フェアリー,,0.9
671,フラワーベール,,65,68,きょうせい,78,フラージェス,112,154,75,552,フェアリー,,10
672,そうしょく,,65,48,くさのけがわ,66,メェークル,62,57,52,350,くさ,,31
673,そうしょく,,100,62,くさのけがわ,123,ゴーゴート,97,81,68,531,くさ,,91
674,てつのこぶし,かたやぶり,82,62,きもったま,67,ヤンチャム,46,48,43,348,かくとう,,8
675,てつのこぶし,かたやぶり,124,78,きもったま,95,ゴロンダ,69,71,58,495,かくとう,あく,136
676,ファーコート,,80,60,,75,トリミアン,65,90,102,472,ノーマル,,28
677,するどいめ,すりぬけ,48,54,マイペース,62,ニャスパー,63,60,68,355,エスパー,,3.5
678,するどいめ,すりぬけ,48,76,いたずらごころ,74,ニャオニクス,83,81,104,466,エスパー,,8.5
679,ノーガード,,80,100,,45,ヒトツキ,35,37,28,325,はがね,ゴースト,2
680,ノーガード,,110,150,,59,ニダンギル,45,49,35,448,はがね,ゴースト,4.5
681,バトルスイッチ,,50,140,,60,ギルガルド,50,140,60,500,はがね,ゴースト,53
682,いやしのこころ,,52,60,アロマベール,78,シュシュプ,63,65,23,341,フェアリー,,0.5
683,いやしのこころ,,72,72,アロマベール,101,フレフワン,99,89,29,462,フェアリー,,15.5
684,スイートベール,,48,66,かるわざ,62,ペロッパフ,59,57,49,341,フェアリー,,3.5
685,スイートベール,,80,86,かるわざ,82,ペロリーム,85,75,72,480,フェアリー,,5
686,あまのじゃく,きゅうばん,54,53,すりぬけ,53,マーイーカ,37,46,45,288,あく,エスパー,3.5
687,あまのじゃく,きゅうばん,92,88,すりぬけ,86,カラマネロ,68,75,73,482,あく,エスパー,47
688,かたいツメ,スナイパー,52,67,わるいてぐせ,42,カメテテ,39,56,50,306,いわ,みず,31
689,かたいツメ,スナイパー,105,115,わるいてぐせ,72,ガメノデス,54,86,68,500,いわ,みず,96
690,どくのトゲ,どくしゅ,60,60,てきおうりょく,50,クズモー,60,60,30,320,どく,みず,7.3
691,どくのトゲ,どくしゅ,75,90,てきおうりょく,65,ドラミドロ,97,123,44,494,どく,ドラゴン,81.5
692,メガランチャー,,53,62,,50,ウデッポウ,58,63,44,330,みず,,8.3
693,メガランチャー,,73,88,,71,ブロスター,120,89,59,500,みず,,35.3
694,かんそうはだ,すながくれ,38,33,サンパワー,44,エリキテル,61,43,70,289,でんき,ノーマル,6
695,かんそうはだ,すながくれ,55,52,サンパワー,62,エレザード,109,94,109,481,でんき,ノーマル,21
696,がんじょうあご,,89,77,がんじょう,58,チゴラス,45,45,48,362,いわ,ドラゴン,26
697,がんじょうあご,,121,119,いしあたま,82,ガチゴラス,69,59,71,521,いわ,ドラゴン,270
698,フリーズスキン,,59,50,ゆきふらし,77,アマルス,67,63,46,362,いわ,こおり,25.2
699,フリーズスキン,,77,72,ゆきふらし,123,アマルルガ,99,92,58,521,いわ,こおり,225
700,メロメロボディ,,65,65,フェアリースキン,95,ニンフィア,110,130,60,525,フェアリー,,23.5
701,じゅうなん,かるわざ,92,75,かたやぶり,78,ルチャブル,74,63,118,500,かくとう,ひこう,21.5
702,ほおぶくろ,ものひろい,58,57,プラス,67,デデンネ,81,67,101,431,でんき,フェアリー,2.2
703,クリアボディ,,50,150,がんじょう,50,メレシー,50,150,50,500,いわ,フェアリー,5.7
704,そうしょく,うるおいボディ,50,35,ぬめぬめ,45,ヌメラ,55,75,40,300,ドラゴン,,2.8
705,そうしょく,うるおいボディ,75,53,ぬめぬめ,68,ヌメイル,83,113,60,452,ドラゴン,,17.5
706,そうしょく,うるおいボディ,100,70,ぬめぬめ,90,ヌメルゴン,110,150,80,600,ドラゴン,,150.5
707,いたずらごころ,,80,91,マジシャン,57,クレッフィ,80,87,75,470,はがね,フェアリー,3
708,しぜんかいふく,おみとおし,70,48,しゅうかく,43,ボクレー,50,60,38,309,ゴースト,くさ,7
709,しぜんかいふく,おみとおし,110,76,しゅうかく,85,オーロット,65,82,56,474,ゴースト,くさ,71
710,ものひろい,おみとおし,66,70,ふみん,49,バケッチャ,44,55,51,335,ゴースト,くさ,5
711,ものひろい,おみとおし,90,122,ふみん,65,パンプジン,58,75,84,494,ゴースト,くさ,12.5
712,マイペース,アイスボディ,69,85,がんじょう,55,カチコール,32,35,28,304,こおり,,99.5
713,マイペース,アイスボディ,117,184,がんじょう,95,クレベース,44,46,28,514,こおり,,505
714,おみとおし,すりぬけ,30,35,テレパシー,40,オンバット,45,40,55,245,ひこう,ドラゴン,8
715,おみとおし,すりぬけ,70,80,テレパシー,85,オンバーン,97,80,123,535,ひこう,ドラゴン,85
716,フェアリーオーラ,,131,95,,126,ゼルネアス,131,98,99,680,フェアリー,,215
717,ダークオーラ,,131,95,,126,イベルタル,131,98,99,680,あく,ひこう,203
718,オーラブレイク,,100,121,,108,ジガルデ,81,95,95,600,ドラゴン,じめん,305
719,クリアボディ,,100,150,,50,ディアンシー,100,150,50,600,いわ,フェアリー,8.8
720,マジシャン,,110,60,,80,フーパ,150,130,70,600,エスパー,ゴースト,9
721,ちょすい,,110,120,,80,ボルケニオン,130,90,70,600,ほのお,みず,195
722,しんりょく,,55,55,えんかく,68,モクロー,50,50,42,320,くさ,ひこう,1.5
723,しんりょく,,75,75,えんかく,78,フクスロー,70,70,52,420,くさ,ひこう,16
724,しんりょく,,107,75,えんかく,78,ジュナイパー,100,100,70,530,くさ,ゴースト,36.6
725,もうか,,65,40,いかく,45,ニャビー,60,40,70,320,ほのお,,4.3
726,もうか,,85,50,いかく,65,ニャヒート,80,50,90,420,ほのお,,25
727,もうか,,115,90,いかく,95,ガオガエン,80,90,60,530,ほのお,あく,83
728,げきりゅう,,54,54,うるおいボイス,50,アシマリ,66,56,40,320,みず,,7.5
729,げきりゅう,,69,69,うるおいボイス,60,オシャマリ,91,81,50,420,みず,,17.5
730,げきりゅう,,74,74,うるおいボイス,80,アシレーヌ,126,116,60,530,みず,フェアリー,44
731,するどいめ,スキルリンク,75,30,ものひろい,35,ツツケラ,30,30,65,265,ノーマル,ひこう,1.2
732,するどいめ,スキルリンク,85,50,ものひろい,55,ケララッパ,40,50,75,355,ノーマル,ひこう,14.8
733,するどいめ,スキルリンク,120,75,ちからずく,80,ドデカバシ,75,75,60,485,ノーマル,ひこう,26
734,はりこみ,がんじょうあご,70,30,てきおうりょく,48,ヤングース,30,30,45,253,ノーマル,,6
735,はりこみ,がんじょうあご,110,60,てきおうりょく,88,デカグース,55,60,45,418,ノーマル,,14.2
736,むしのしらせ,,62,45,,47,アゴジムシ,55,45,46,300,むし,,4.4
737,バッテリー,,82,95,,57,デンヂムシ,55,75,36,400,むし,でんき,10.5
738,ふゆう,,70,90,,77,クワガノン,145,75,43,500,むし,でんき,45
739,かいりきバサミ,てつのこぶし,82,57,いかりのつぼ,47,マケンカニ,42,47,63,338,かくとう,,7
740,かいりきバサミ,てつのこぶし,132,77,いかりのつぼ,97,ケケンカニ,62,67,43,478,かくとう,こおり,180
741,おどりこ,,70,70,,75,オドリドリ,98,70,93,476,ほのお,ひこう,3.4
742,みつあつめ,りんぷん,45,40,スイートベール,40,アブリー,55,40,84,304,むし,フェアリー,0.2
743,みつあつめ,りんぷん,55,60,スイートベール,60,アブリボン,95,70,124,464,むし,フェアリー,0.5
744,するどいめ,やるき,65,40,ふくつのこころ,45,イワンコ,30,40,60,280,いわ,,9.2
745,するどいめ,すなかき,115,65,ふくつのこころ,75,ルガルガン,55,65,112,487,いわ,,25
746,ぎょぐん,,20,20,,45,ヨワシ,25,25,40,175,みず,,0.3
747,ひとでなし,じゅうなん,53,62,さいせいりょく,50,ヒドイデ,43,52,45,305,どく,みず,8
748,ひとでなし,じゅうなん,63,152,さいせいりょく,50,ドヒドイデ,53,142,35,495,どく,みず,14.5
749,マイペース,じきゅうりょく,100,70,せいしんりょく,70,ドロバンコ,45,55,45,385,じめん,,110
750,マイペース,じきゅうりょく,125,100,せいしんりょく,100,バンバドロ,55,85,35,500,じめん,,920
751,すいほう,,40,52,ちょすい,38,シズクモ,40,72,27,269,みず,むし,4
752,すいほう,,70,92,ちょすい,68,オニシズクモ,50,132,42,454,みず,むし,82
753,リーフガード,,55,35,あまのじゃく,40,カリキリ,50,35,35,250,くさ,,1.5
754,リーフガード,,105,90,あまのじゃく,70,ラランテス,80,90,45,480,くさ,,18.5
755,はっこう,ほうし,35,55,あめうけざら,40,ネマシュ,65,75,15,285,くさ,フェアリー,1.5
756,はっこう,ほうし,45,80,あめうけざら,60,マシェード,90,100,30,405,くさ,フェアリー,11.5
757,ふしょく,,44,40,どんかん,48,ヤトウモリ,71,40,77,320,どく,ほのお,4.8
758,ふしょく,,64,60,どんかん,68,エンニュート,111,60,117,480,どく,ほのお,22.2
759,もふもふ,ぶきよう,75,50,メロメロボディ,70,ヌイコグマ,45,50,50,340,ノーマル,かくとう,6.8
760,もふもふ,ぶきよう,125,80,きんちょうかん,120,キテルグマ,55,60,60,500,ノーマル,かくとう,135
761,リーフガード,どんかん,30,38,スイートベール,42,アマカジ,30,38,32,210,くさ,,3.2
762,リーフガード,どんかん,40,48,スイートベール,52,アママイコ,40,48,62,290,くさ,,8.2
763,リーフガード,じょおうのいげん,120,98,スイートベール,72,アマージョ,50,98,72,510,くさ,,21.4
764,フラワーベール,ヒーリングシフト,52,90,しぜんかいふく,51,キュワワー,82,110,100,485,フェアリー,,0.3
765,せいしんりょく,テレパシー,60,80,きょうせい,90,ヤレユータン,90,110,60,490,ノーマル,エスパー,76
766,レシーバー,,120,90,まけんき,100,ナゲツケサル,40,60,80,490,かくとう,,82.8
767,にげごし,,35,40,,25,コソクムシ,20,30,80,230,むし,みず,12
768,ききかいひ,,125,140,,75,グソクムシャ,60,90,40,530,むし,みず,108
769,みずがため,,55,80,すながくれ,55,スナバァ,70,45,15,320,ゴースト,じめん,70
770,みずがため,,75,110,すながくれ,85,シロデスナ,100,75,35,480,ゴースト,じめん,250
771,とびだすなかみ,,60,130,てんねん,55,ナマコブシ,30,130,5,410,みず,,1.2
772,カブトアーマー,,95,95,,95,タイプ：ヌル,95,95,59,534,ノーマル,,120.5
773,ＡＲシステム,,95,95,,95,シルヴァディ,95,95,95,570,ノーマル,,100.5
774,リミットシールド,,60,100,,60,メテノ,60,100,60,440,いわ,ひこう,40
775,ぜったいねむり,,115,65,,65,ネッコアラ,75,95,65,480,ノーマル,,19.9
776,シェルアーマー,,78,135,,60,バクガメス,91,85,36,485,ほのお,ドラゴン,212
777,てつのトゲ,ひらいしん,98,63,がんじょう,65,トゲデマル,40,73,96,435,でんき,はがね,3.3
778,ばけのかわ,,90,80,,55,ミミッキュ,50,105,96,476,ゴースト,フェアリー,0.7
779,ビビッドボディ,がんじょうあご,105,70,ミラクルスキン,68,ハギギシリ,70,70,92,475,みず,エスパー,19
780,ぎゃくじょう,そうしょく,60,85,ノーてんき,78,ジジーロン,135,91,36,485,ノーマル,ドラゴン,185
781,はがねつかい,,131,100,,70,ダダリン,86,90,40,517,ゴースト,くさ,210
782,ぼうだん,ぼうおん,55,65,ぼうじん,45,ジャラコ,45,45,45,300,ドラゴン,,29.7
783,ぼうだん,ぼうおん,75,90,ぼうじん,55,ジャランゴ,65,70,65,420,ドラゴン,かくとう,47
784,ぼうだん,ぼうおん,110,125,ぼうじん,75,ジャラランガ,100,105,85,600,ドラゴン,かくとう,78.2
785,エレキメイカー,,115,85,テレパシー,70,カプ・コケコ,95,75,130,570,でんき,フェアリー,20.5
786,サイコメイカー,,85,75,テレパシー,70,カプ・テテフ,130,115,95,570,エスパー,フェアリー,18.6
787,グラスメイカー,,130,115,テレパシー,70,カプ・ブルル,85,95,75,570,くさ,フェアリー,45.5
788,ミストメイカー,,75,115,テレパシー,70,カプ・レヒレ,95,130,85,570,みず,フェアリー,21.2
789,てんねん,,29,31,,43,コスモッグ,29,31,37,200,エスパー,,0.1
790,がんじょう,,29,131,,43,コスモウム,29,131,37,400,エスパー,,999.9
791,メタルプロテクト,,137,107,,137,ソルガレオ,113,89,97,680,エスパー,はがね,230
792,ファントムガード,,113,89,,137,ルナアーラ,137,107,97,680,エスパー,ゴースト,120
793,ビーストブースト,,53,47,,109,ウツロイド,127,131,103,570,いわ,どく,55.5
794,ビーストブースト,,139,139,,107,マッシブーン,53,53,79,570,むし,かくとう,333.6
795,ビーストブースト,,137,37,,71,フェローチェ,137,37,151,570,むし,かくとう,25
796,ビーストブースト,,89,71,,83,デンジュモク,173,71,83,570,でんき,,100
797,ビーストブースト,,101,103,,97,テッカグヤ,107,101,61,570,はがね,ひこう,999.9
798,ビーストブースト,,181,131,,59,カミツルギ,59,31,109,570,くさ,はがね,0.1
799,ビーストブースト,,101,53,,223,アクジキング,97,53,43,570,あく,ドラゴン,888
800,プリズムアーマー,,107,101,,97,ネクロズマ,127,89,79,600,エスパー,,230
801,ソウルハート,,95,115,,80,マギアナ,130,115,65,600,はがね,フェアリー,80.5
802,テクニシャン,,125,80,,90,マーシャドー,90,90,125,600,かくとう,ゴースト,22.2
803,ビーストブースト,,73,67,,67,ベベノム,73,67,73,420,どく,,1.8
804,ビーストブースト,,73,73,,73,アーゴヨン,127,73,121,540,どく,ドラゴン,150
805,ビーストブースト,,131,211,,61,ツンデツンデ,53,101,13,570,いわ,はがね,820
806,ビーストブースト,,127,53,,53,ズガドーン,151,79,107,570,ほのお,ゴースト,13
807,ちくでん,,112,75,,88,ゼラオラ,102,80,143,600,でんき,,44.5
808,じりょく,,65,65,,46,メルタン,55,35,34,300,はがね,,8
809,てつのこぶし,,143,143,,135,メルメタル,80,65,34,600,はがね,,800
810,しんりょく,,65,50,グラスメイカー,50,サルノリ,40,40,65,310,くさ,,5
811,しんりょく,,85,70,グラスメイカー,70,バチンキー,55,60,80,420,くさ,,14
812,しんりょく,,125,90,グラスメイカー,100,ゴリランダー,60,70,85,530,くさ,,90
813,もうか,,71,40,リベロ,50,ヒバニー,40,40,69,310,ほのお,,4.5
814,もうか,,86,60,リベロ,65,ラビフット,55,60,94,420,ほのお,,9
815,もうか,,116,75,リベロ,80,エースバーン,65,75,119,530,ほのお,,33
816,げきりゅう,,40,40,スナイパー,50,メッソン,70,40,70,310,みず,,4
817,げきりゅう,,60,55,スナイパー,65,ジメレオン,95,55,90,420,みず,,11.5
818,げきりゅう,,85,65,スナイパー,70,インテレオン,125,65,120,530,みず,,45.2
819,ほおぶくろ,,55,55,くいしんぼう,70,ホシガリス,35,35,25,275,ノーマル,,2.5
820,ほおぶくろ,,95,95,くいしんぼう,120,ヨクバリス,55,75,20,460,ノーマル,,6
821,するどいめ,きんちょうかん,47,35,はとむね,38,ココガラ,33,35,57,245,ひこう,,1.8
822,するどいめ,きんちょうかん,67,55,はとむね,68,アオガラス,43,55,77,365,ひこう,,16
823,プレッシャー,きんちょうかん,87,105,ミラーアーマー,98,アーマーガア,53,85,67,495,ひこう,はがね,75
824,むしのしらせ,ふくがん,20,20,テレパシー,25,サッチムシ,25,45,45,180,むし,,8
825,むしのしらせ,ふくがん,35,80,テレパシー,50,レドームシ,50,90,30,335,むし,エスパー,19.5
826,むしのしらせ,おみとおし,45,110,テレパシー,60,イオルブ,80,120,90,505,むし,エスパー,40.8
827,にげあし,かるわざ,28,28,はりこみ,40,クスネ,47,52,50,245,あく,,8.9
828,にげあし,かるわざ,58,58,はりこみ,70,フォクスライ,87,92,90,455,あく,,19.9
829,わたげ,さいせいりょく,40,60,ほうし,40,ヒメンカ,40,60,10,250,くさ,,2.2
830,わたげ,さいせいりょく,50,90,ほうし,60,ワタシラガ,80,120,60,460,くさ,,2.5
831,もふもふ,にげあし,40,55,ぼうだん,42,ウールー,40,45,48,270,ノーマル,,6
832,もふもふ,ふくつのこころ,80,100,ぼうだん,72,バイウールー,60,90,88,490,ノーマル,,43
833,がんじょうあご,シェルアーマー,64,50,すいすい,50,カムカメ,38,38,44,284,みず,,8.5
834,がんじょうあご,シェルアーマー,115,90,すいすい,90,カジリガメ,48,68,74,485,みず,いわ,115.5
835,たまひろい,,45,50,びびり,59,ワンパチ,40,50,26,270,でんき,,13.5
836,がんじょうあご,,90,60,かちき,69,パルスワン,90,60,121,490,でんき,,34
837,じょうききかん,たいねつ,40,50,もらいび,30,タンドン,40,50,30,240,いわ,,12
838,じょうききかん,ほのおのからだ,60,90,もらいび,80,トロッゴン,60,70,50,410,いわ,ほのお,78
839,じょうききかん,ほのおのからだ,80,120,もらいび,110,セキタンザン,80,90,30,510,いわ,ほのお,310.5
840,じゅくせい,くいしんぼう,40,80,ぼうだん,40,カジッチュ,40,40,20,260,くさ,ドラゴン,0.5
841,じゅくせい,くいしんぼう,110,80,はりきり,70,アップリュー,95,60,70,485,くさ,ドラゴン,1
842,じゅくせい,くいしんぼう,85,80,あついしぼう,110,タルップル,100,80,30,485,くさ,ドラゴン,13
843,すなはき,だっぴ,57,75,すながくれ,52,スナヘビ,35,50,46,315,じめん,,7.6
844,すなはき,だっぴ,107,125,すながくれ,72,サダイジャ,65,70,71,510,じめん,,65.5
845,うのミサイル,,85,55,,70,ウッウ,85,95,85,475,ひこう,みず,18
846,すいすい,,63,40,スクリューおびれ,41,サシカマス,40,30,66,280,みず,,1
847,すいすい,,123,60,スクリューおびれ,61,カマスジョー,60,50,136,490,みず,,30
848,びびり,せいでんき,38,35,ぶきよう,40,エレズン,54,35,40,242,でんき,どく,11
849,パンクロック,プラス,98,70,テクニシャン,75,ストリンダー,114,70,75,502,でんき,どく,40
850,もらいび,しろいけむり,65,45,ほのおのからだ,50,ヤクデ,50,50,45,305,ほのお,むし,1
851,もらいび,しろいけむり,115,65,ほのおのからだ,100,マルヤクデ,90,90,65,525,ほのお,むし,120
852,じゅうなん,,68,60,テクニシャン,50,タタッコ,50,50,32,310,かくとう,,4
853,じゅうなん,,118,90,テクニシャン,80,オトスパス,70,80,42,480,かくとう,,39
854,くだけるよろい,,45,45,のろわれボディ,40,ヤバチャ,74,54,50,308,ゴースト,,0.2
855,くだけるよろい,,65,65,のろわれボディ,60,ポットデス,134,114,70,508,ゴースト,,0.4
856,いやしのこころ,きけんよち,30,45,マジックミラー,42,ミブリム,56,53,39,265,エスパー,,3.4
857,いやしのこころ,きけんよち,40,65,マジックミラー,57,テブリム,86,73,49,370,エスパー,,4.8
858,いやしのこころ,きけんよち,90,95,マジックミラー,57,ブリムオン,136,103,29,510,エスパー,フェアリー,5.1
859,いたずらごころ,おみとおし,45,30,わるいてぐせ,45,ベロバー,55,40,50,265,あく,フェアリー,5.5
860,いたずらごころ,おみとおし,60,45,わるいてぐせ,65,ギモー,75,55,70,370,あく,フェアリー,12.5
861,いたずらごころ,おみとおし,120,65,わるいてぐせ,95,オーロンゲ,95,75,60,510,あく,フェアリー,61
862,すてみ,こんじょう,90,101,まけんき,93,タチフサグマ,60,81,95,520,あく,ノーマル,46
863,カブトアーマー,かたいツメ,110,100,はがねのせいしん,70,ニャイキング,50,60,50,440,はがね,,28
864,くだけるよろい,,95,50,ほろびのボディ,60,サニゴーン,145,130,30,510,ゴースト,,0.4
865,ふくつのこころ,,135,95,きもったま,62,ネギガナイト,68,82,65,507,かくとう,,117
866,ちどりあし,バリアフリー,85,75,アイスボディ,80,バリコオル,110,100,70,520,こおり,エスパー,58.2
867,さまようたましい,,95,145,,58,デスバーン,50,105,30,483,じめん,ゴースト,66.6
868,スイートベール,,40,40,アロマベール,45,マホミル,50,61,34,270,フェアリー,,0.3
869,スイートベール,,60,75,アロマベール,65,マホイップ,110,121,64,495,フェアリー,,0.5
870,カブトアーマー,,100,100,まけんき,65,タイレーツ,70,60,75,470,かくとう,,62
871,ひらいしん,,101,95,エレキメイカー,48,バチンウニ,91,85,15,435,でんき,,1
872,りんぷん,,25,35,こおりのりんぷん,30,ユキハミ,45,30,20,185,こおり,むし,3.8
873,りんぷん,,65,60,こおりのりんぷん,70,モスノウ,125,90,65,475,こおり,むし,42
874,パワースポット,,125,135,,100,イシヘンジン,20,20,70,470,いわ,,520
875,アイスフェイス,,80,110,,75,コオリッポ,65,90,50,470,こおり,,89
876,せいしんりょく,シンクロ,65,55,サイコメイカー,60,イエッサン,105,95,95,475,エスパー,ノーマル,28
877,はらぺこスイッチ,,95,58,,58,モルペコ,70,58,97,436,でんき,あく,3
878,ちからずく,,80,49,ヘヴィメタル,72,ゾウドウ,40,49,40,330,はがね,,100
879,ちからずく,,130,69,ヘヴィメタル,122,ダイオウドウ,80,69,30,500,はがね,,650
880,ちくでん,はりきり,100,90,すなかき,90,パッチラゴン,80,70,75,505,でんき,ドラゴン,190
881,ちくでん,せいでんき,100,90,ゆきかき,90,パッチルドン,90,80,55,505,でんき,こおり,150
882,ちょすい,がんじょうあご,90,100,すなかき,90,ウオノラゴン,70,80,75,505,みず,ドラゴン,215
883,ちょすい,アイスボディ,90,100,ゆきかき,90,ウオチルドン,80,90,55,505,みず,こおり,175
884,ライトメタル,ヘヴィメタル,95,115,すじがねいり,70,ジュラルドン,120,50,85,535,はがね,ドラゴン,40
885,クリアボディ,すりぬけ,60,30,のろわれボディ,28,ドラメシヤ,40,30,82,270,ドラゴン,ゴースト,2
886,クリアボディ,すりぬけ,80,50,のろわれボディ,68,ドロンチ,60,50,102,410,ドラゴン,ゴースト,11
887,クリアボディ,すりぬけ,120,75,のろわれボディ,88,ドラパルト,100,75,142,600,ドラゴン,ゴースト,50
888,ふとうのけん,,120,115,,92,ザシアン,80,115,138,660,フェアリー,,110
889,ふくつのたて,,120,115,,92,ザマゼンタ,80,115,138,660,かくとう,,210
890,プレッシャー,,85,95,,140,ムゲンダイナ,145,95,130,690,どく,ドラゴン,950
891,せいしんりょく,,90,60,,60,ダクマ,53,50,72,385,かくとう,,12
892,ふかしのこぶし,,130,100,,100,ウーラオス,63,60,97,550,かくとう,あく,105
893,リーフガード,,120,105,,105,ザルード,70,95,105,600,あく,くさ,70
894,トランジスタ,,100,50,,80,レジエレキ,100,50,200,580,でんき,,145
895,りゅうのあぎと,,100,50,,200,レジドラゴ,100,50,80,580,ドラゴン,,200
896,しろのいななき,,145,130,,100,ブリザポス,65,110,30,580,こおり,,800
897,くろのいななき,,65,60,,100,レイスポス,145,80,130,580,ゴースト,,44.5
898,きんちょうかん,,80,80,,100,バドレックス,80,80,80,500,エスパー,くさ,7.7
899,いかく,おみとおし,105,72,そうしょく,103,アヤシシ,105,75,65,525,ノーマル,エスパー,95.1
900,むしのしらせ,ちからずく,135,95,きれあじ,70,バサギリ,45,70,85,500,むし,いわ,89
901,こんじょう,ぼうだん,140,105,きんちょうかん,130,ガチグマ,45,80,50,550,じめん,ノーマル,290
902,すいすい,てきおうりょく,112,65,かたやぶり,120,イダイトウ,80,75,78,530,みず,ゴースト,110
903,プレッシャー,かるわざ,130,60,どくしゅ,80,オオニューラ,40,80,120,510,かくとう,どく,43
904,どくのトゲ,すいすい,115,95,いかく,85,ハリーマン,65,65,85,510,あく,どく,60.5
905,メロメロボディ,,115,70,あまのじゃく,74,ラブトロス,135,80,106,580,フェアリー,ひこう,48
906,しんりょく,,61,54,へんげんじざい,40,ニャオハ,45,45,65,310,くさ,,4.1
907,しんりょく,,80,63,へんげんじざい,61,ニャローテ,60,63,83,410,くさ,,12.2
908,しんりょく,,110,70,へんげんじざい,76,マスカーニャ,81,70,123,530,くさ,あく,31.2
909,もうか,,45,59,てんねん,67,ホゲータ,63,40,36,310,ほのお,,9.8
910,もうか,,55,78,てんねん,81,アチゲータ,90,58,49,411,ほのお,,30.7
911,もうか,,75,100,てんねん,104,ラウドボーン,110,75,66,530,ほのお,ゴースト,326.5
912,げきりゅう,,65,45,じしんかじょう,55,クワッス,50,45,50,310,みず,,6.1
913,げきりゅう,,85,65,じしんかじょう,70,ウェルカモ,65,60,65,410,みず,,21.5
914,げきりゅう,,120,80,じしんかじょう,85,ウェーニバル,85,75,85,530,みず,かくとう,61.9
915,アロマベール,くいしんぼう,45,40,あついしぼう,54,グルトン,35,45,35,254,ノーマル,,10.2
916,とれないにおい,くいしんぼう,100,75,あついしぼう,110,パフュートン,59,80,65,489,ノーマル,,120
917,ふみん,,41,45,はりこみ,35,タマンチュラ,29,40,20,210,むし,,4
918,ふみん,,79,92,はりこみ,60,ワナイダー,52,86,35,404,むし,,16.5
919,むしのしらせ,,46,40,いろめがね,33,マメバッタ,21,25,45,210,むし,,1
920,むしのしらせ,,102,78,いろめがね,71,エクスレッグ,52,55,92,450,むし,あく,17.5
921,せいでんき,しぜんかいふく,50,20,てつのこぶし,45,パモ,40,25,60,240,でんき,,2.5
922,ちくでん,しぜんかいふく,75,40,てつのこぶし,60,パモット,50,40,85,350,でんき,かくとう,6.5
923,ちくでん,しぜんかいふく,115,70,てつのこぶし,70,パーモット,70,60,105,490,でんき,かくとう,41
924,にげあし,ものひろい,50,45,マイペース,50,ワッカネズミ,40,45,75,305,ノーマル,,1.8
925,フレンドガード,ほおぶくろ,75,70,テクニシャン,74,イッカネズミ,65,75,111,470,ノーマル,,2.3
926,マイペース,,55,70,ぶきよう,37,パピモッチ,30,55,65,312,フェアリー,,10.9
927,こんがりボディ,,80,115,アロマベール,57,バウッツェル,50,80,95,477,フェアリー,,14.9
928,はやおき,,35,45,しゅうかく,41,ミニーブ,58,51,30,260,くさ,ノーマル,6.5
929,はやおき,,53,60,しゅうかく,52,オリーニョ,78,78,33,354,くさ,ノーマル,11.9
930,こぼれダネ,,69,90,しゅうかく,78,オリーヴァ,125,109,39,510,くさ,ノーマル,48.2
931,いかく,はりきり,96,51,こんじょう,82,イキリンコ,45,51,92,417,ノーマル,ひこう,2.4
932,きよめのしお,がんじょう,55,75,クリアボディ,55,コジオ,35,35,25,280,いわ,,16
933,きよめのしお,がんじょう,60,100,クリアボディ,60,ジオヅム,35,65,35,355,いわ,,105
934,きよめのしお,がんじょう,100,130,クリアボディ,100,キョジオーン,45,90,35,500,いわ,,240
935,もらいび,,50,40,ほのおのからだ,40,カルボウ,50,40,35,255,ほのお,,10.5
936,もらいび,,60,100,くだけるよろい,85,グレンアルマ,125,80,75,525,ほのお,エスパー,85
937,もらいび,,125,80,くだけるよろい,75,ソウブレイズ,60,100,85,525,ほのお,ゴースト,62
938,マイペース,せいでんき,31,41,しめりけ,61,ズピカ,59,35,45,272,でんき,,0.4
939,でんきにかえる,せいでんき,64,91,しめりけ,109,ハラバリー,103,83,45,495,でんき,,113
940,ふうりょくでんき,ちくでん,40,35,かちき,40,カイデン,55,40,70,280,でんき,ひこう,3.6
941,ふうりょくでんき,ちくでん,70,60,かちき,70,タイカイデン,105,60,125,490,でんき,ひこう,38.6
942,いかく,にげあし,78,60,はりこみ,60,オラチフ,40,51,51,340,あく,,16
943,いかく,ばんけん,120,90,はりこみ,80,マフィティフ,60,70,85,505,あく,,61
944,かるわざ,わるいてぐせ,65,35,いたずらごころ,40,シルシュルー,40,35,75,290,どく,ノーマル,0.7
945,かるわざ,どくしゅ,95,65,いたずらごころ,63,タギングル,80,72,110,485,どく,ノーマル,27.2
946,かぜのり,,65,30,すりぬけ,40,アノクサ,45,35,60,275,くさ,ゴースト,0.6
947,かぜのり,,115,70,すりぬけ,55,アノホラグサ,80,70,90,480,くさ,ゴースト,6
948,きんしのちから,,40,35,,40,ノノクラゲ,50,100,70,335,じめん,くさ,33
949,きんしのちから,,70,65,,80,リククラゲ,80,120,100,515,じめん,くさ,58
950,いかりのこうら,シェルアーマー,100,115,さいせいりょく,70,ガケガニ,35,55,75,450,いわ,,79
951,ようりょくそ,ふみん,62,40,ぶきよう,50,カプサイジ,62,40,50,304,くさ,,3
952,ようりょくそ,ふみん,108,65,ムラっけ,65,スコヴィラン,108,65,75,486,くさ,ほのお,15
953,ふくがん,,50,60,だっぴ,41,シガロコ,31,58,30,270,むし,,1
954,シンクロ,,50,85,テレパシー,75,ベラカス,115,100,45,470,むし,エスパー,3.5
955,きけんよち,おみとおし,35,30,かそく,30,ヒラヒナ,55,30,75,255,エスパー,,1.5
956,びんじょう,おみとおし,60,60,かそく,95,クエスパトラ,101,60,105,481,エスパー,,90
957,かたやぶり,マイペース,45,45,わるいてぐせ,50,カヌチャン,35,64,58,297,フェアリー,はがね,8.9
958,かたやぶり,マイペース,55,55,わるいてぐせ,65,ナカヌチャン,45,82,78,380,フェアリー,はがね,59.1
959,かたやぶり,マイペース,75,77,わるいてぐせ,85,デカヌチャン,70,105,94,506,フェアリー,はがね,112.8
960,ぬめぬめ,びびり,55,25,すながくれ,10,ウミディグダ,35,25,95,245,みず,,1.8
961,ぬめぬめ,びびり,100,50,すながくれ,35,ウミトリオ,50,70,120,425,みず,,5.4
962,はとむね,するどいめ,103,85,いわはこび,70,オトシドリ,60,85,82,485,ひこう,あく,42.9
963,みずのベール,,45,40,,70,ナミイルカ,45,40,75,315,みず,,60.2
964,マイティチェンジ,,70,72,,100,イルカマン,53,62,100,457,みず,,60.2
965,ぼうじん,,70,63,スロースタート,45,ブロロン,30,45,47,300,はがね,どく,35
966,ぼうじん,,119,90,フィルター,80,ブロロローム,54,67,90,500,はがね,どく,120
967,だっぴ,,95,65,さいせいりょく,70,モトトカゲ,85,65,121,501,ドラゴン,ノーマル,63
968,どしょく,,85,145,すながくれ,70,ミミズズ,60,55,65,480,はがね,,310
969,どくげしょう,,35,42,ふしょく,48,キラーメ,105,60,60,350,いわ,どく,8
970,どくげしょう,,55,90,ふしょく,83,キラフロル,130,81,86,525,いわ,どく,45
971,ものひろい,,61,60,もふもふ,50,ボチ,30,55,34,290,ゴースト,,35
972,すなかき,,101,100,もふもふ,72,ハカドッグ,50,97,68,488,ゴースト,,15
973,きもったま,ちどりあし,115,74,きょうえん,82,カラミンゴ,75,64,90,500,ひこう,かくとう,37
974,あついしぼう,ゆきがくれ,68,45,ちからずく,108,アルクジラ,30,40,43,334,こおり,,45
975,あついしぼう,ゆきかき,113,65,ちからずく,170,ハルクジラ,45,55,73,521,こおり,,700
976,かたやぶり,,102,73,きれあじ,90,ミガルーサ,78,65,70,478,みず,エスパー,90
977,てんねん,どんかん,100,115,みずのベール,150,ヘイラッシャ,65,65,35,530,みず,,220
978,しれいとう,,50,60,よびみず,68,シャリタツ,120,95,82,475,ドラゴン,みず,8
979,やるき,せいしんりょく,115,80,まけんき,110,コノヨザル,50,90,90,535,かくとう,ゴースト,56
980,どくのトゲ,ちょすい,75,60,てんねん,130,ドオー,45,100,20,430,どく,じめん,223
981,はんすう,テイルアーマー,90,70,そうしょく,120,リキキリン,110,70,60,520,ノーマル,エスパー,160
982,てんのめぐみ,にげあし,100,80,びびり,125,ノココッチ,85,75,55,520,ノーマル,,39.2
983,まけんき,そうだいしょう,135,120,プレッシャー,100,ドドゲザン,60,85,50,550,あく,はがね,120
984,こだいかっせい,,131,131,,115,イダイナキバ,53,53,87,570,じめん,かくとう,320
985,こだいかっせい,,65,99,,115,サケブシッポ,65,115,111,570,フェアリー,エスパー,8
986,こだいかっせい,,127,99,,111,アラブルタケ,79,99,55,570,くさ,あく,21
987,こだいかっせい,,55,55,,55,ハバタクカミ,135,135,135,570,ゴースト,フェアリー,4
988,こだいかっせい,,135,79,,85,チヲハウハネ,85,105,81,570,むし,かくとう,92
989,こだいかっせい,,81,97,,85,スナノケガワ,121,85,101,570,でんき,じめん,60
990,クォークチャージ,,112,120,,90,テツノワダチ,72,70,106,570,じめん,はがね,240
991,クォークチャージ,,80,114,,56,テツノツツミ,124,60,136,570,こおり,みず,11
992,クォークチャージ,,140,108,,154,テツノカイナ,50,68,50,570,かくとう,でんき,380.7
993,クォークチャージ,,80,86,,94,テツノコウベ,122,80,108,570,あく,ひこう,111
994,クォークチャージ,,70,60,,80,テツノドクガ,140,110,110,570,ほのお,どく,36
995,クォークチャージ,,134,110,,100,テツノイバラ,70,84,72,570,いわ,でんき,303
996,ねつこうかん,,75,45,アイスボディ,65,セビエ,35,45,55,320,ドラゴン,こおり,17
997,ねつこうかん,,95,66,アイスボディ,90,セゴール,45,65,62,423,ドラゴン,こおり,30
998,ねつこうかん,,145,92,アイスボディ,115,セグレイブ,75,86,87,600,ドラゴン,こおり,210
999,びびり,,30,70,,45,コレクレー,75,70,10,300,ゴースト,,5
1000,おうごんのからだ,,60,95,,87,サーフゴー,133,91,84,550,はがね,ゴースト,30
1001,わざわいのおふだ,,85,100,,85,チオンジェン,95,135,70,570,あく,くさ,74.2
1002,わざわいのつるぎ,,120,80,,80,パオジアン,90,65,135,570,あく,こおり,152.2
1003,わざわいのうつわ,,110,125,,155,ディンルー,55,80,45,570,あく,じめん,699.7
1004,わざわいのたま,,80,80,,55,イーユイ,135,120,100,570,あく,ほのお,4.9
1005,こだいかっせい,,139,71,,105,トドロクツキ,55,101,119,590,ドラゴン,あく,380
1006,クォークチャージ,,130,90,,74,テツノブジン,120,60,116,590,フェアリー,かくとう,35
1007,ひひいろのこどう,,135,115,,100,コライドン,85,100,135,670,かくとう,ドラゴン,303
1008,ハドロンエンジン,,85,100,,100,ミライドン,135,115,135,670,でんき,ドラゴン,240
1009,こだいかっせい,,83,91,,99,ウネルミナモ,125,83,109,590,みず,ドラゴン,280
1010,クォークチャージ,,130,88,,90,テツノイサハ,70,108,104,590,くさ,エスパー,125
1011,不明,くいしんぼう,80,110,ねんちゃく,80,カミッチュ,95,80,40,485,くさ,ドラゴン,9.7
1012,おもてなし,,45,45,たいねつ,40,チャデス,74,54,50,308,くさ,ゴースト,1.1
1013,おもてなし,,60,106,たいねつ,71,ヤバソチャ,121,80,70,508,くさ,ゴースト,2.2
1014,どくのくさり,,128,115,ばんけん,88,イイネイヌ,58,86,80,555,どく,かくとう,92.2
1015,どくのくさり,,75,66,おみとおし,88,マシマシラ,130,90,106,555,どく,エスパー,12.2
1016,どくのくさり,,91,82,テクニシャン,88,キチキギス,70,125,99,555,どく,フェアリー,30.1
1017,まけんき,,120,84,,80,オーガポン,60,96,110,550,くさ,,39.8
1018,じきゅうりょく,がんじょう,105,130,すじがねいり,90,ブリジュラス,125,65,85,600,はがね,ドラゴン,60
1019,不明,さいせいりょく,80,110,ねんちゃく,106,カミツオロチ,120,80,44,540,くさ,ドラゴン,93
1020,こだいかっせい,,115,121,,105,ウガツホムラ,65,93,91,590,ほのお,ドラゴン,590
1021,こだいかっせい,,73,91,,125,タケルライコ,137,89,75,590,でんき,ドラゴン,480
1022,クォークチャージ,,120,80,,90,テツノイワオ,68,108,124,590,いわ,エスパー,162.5
1023,クォークチャージ,,72,100,,90,テツノカシラ,122,108,98,590,はがね,エスパー,156
1024,テラスチェンジ,,65,85,,90,テラパゴス,65,85,60,450,ノーマル,,6.5
1025,どくくぐつ,,88,160,,88,モモワロウ,88,88,88,600,どく,ゴースト,0.3
10001,プレッシャー,,180,20,,50,デオキシス(deoxys-attack),180,20,150,600,エスパー,,60.8
10002,プレッシャー,,70,160,,50,デオキシス(deoxys-defense),70,160,90,600,エスパー,,60.8
10003,プレッシャー,,95,90,,50,デオキシス(deoxys-speed),95,90,180,600,エスパー,,60.8
10004,きけんよち,,79,105,ぼうじん,60,ミノマダム(wormadam-sandy),59,85,36,424,むし,じめん,6.5
10005,きけんよち,,69,95,ぼうじん,60,ミノマダム(wormadam-trash),69,95,36,424,むし,はがね,6.5
10006,てんのめぐみ,,103,75,,100,シェイミ(shaymin-sky),120,75,127,600,くさ,ひこう,5.2
10007,ふゆう,,120,100,,150,ギラティナ(giratina-origin),120,100,90,680,ゴースト,ドラゴン,650
10008,ふゆう,,65,107,,50,ロトム(rotom-heat),105,107,86,520,でんき,ほのお,0.3
10009,ふゆう,,65,107,,50,ロトム(rotom-wash),105,107,86,520,でんき,みず,0.3
10010,ふゆう,,65,107,,50,ロトム(rotom-frost),105,107,86,520,でんき,こおり,0.3
10011,ふゆう,,65,107,,50,ロトム(rotom-fan),105,107,86,520,でんき,ひこう,0.3
10012,ふゆう,,65,107,,50,ロトム(rotom-mow),105,107,86,520,でんき,くさ,0.3
10013,てんきや,,70,70,,70,ポワルン(castform-sunny),70,70,70,420,ほのお,,0.8
10014,てんきや,,70,70,,70,ポワルン(castform-rainy),70,70,70,420,みず,,0.8
10015,てんきや,,70,70,,70,ポワルン(castform-snowy),70,70,70,420,こおり,,0.8
10016,いしあたま,てきおうりょく,92,65,かたやぶり,70,バスラオ(basculin-blue-striped),80,55,98,460,みず,,18
10017,ちからずく,,30,105,ダルマモード,105,ヒヒダルマ(darmanitan-zen),140,105,55,540,ほのお,エスパー,92.9
10018,てんのめぐみ,,128,90,,100,メロエッタ(meloetta-pirouette),77,77,128,600,ノーマル,かくとう,6.5
10019,さいせいりょく,,100,80,,79,トルネロス(tornadus-therian),110,90,121,580,ひこう,,63
10020,ちくでん,,105,70,,79,ボルトロス(thundurus-therian),145,80,101,580,でんき,ひこう,61
10021,いかく,,145,90,,89,ランドロス(landorus-therian),105,80,91,600,じめん,ひこう,68
10022,テラボルテージ,,170,100,,125,キュレム(kyurem-black),120,90,95,700,ドラゴン,こおり,325
10023,ターボブレイズ,,120,90,,125,キュレム(kyurem-white),170,100,95,700,ドラゴン,こおり,325
10024,せいぎのこころ,,72,90,,91,ケルディオ(keldeo-resolute),129,90,108,580,みず,かくとう,48.5
10025,するどいめ,すりぬけ,48,76,かちき,74,ニャオニクス(meowstic-female),83,81,104,466,エスパー,,8.5
10026,バトルスイッチ,,140,50,,60,ギルガルド(aegislash-blade),140,50,60,500,はがね,ゴースト,53
10027,ものひろい,おみとおし,66,70,ふみん,44,バケッチャ(pumpkaboo-small),44,55,56,335,ゴースト,くさ,3.5
10028,ものひろい,おみとおし,66,70,ふみん,54,バケッチャ(pumpkaboo-large),44,55,46,335,ゴースト,くさ,7.5
10029,ものひろい,おみとおし,66,70,ふみん,59,バケッチャ(pumpkaboo-super),44,55,41,335,ゴースト,くさ,15
10030,ものひろい,おみとおし,85,122,ふみん,55,パンプジン(gourgeist-small),58,75,99,494,ゴースト,くさ,9.5
10031,ものひろい,おみとおし,95,122,ふみん,75,パンプジン(gourgeist-large),58,75,69,494,ゴースト,くさ,14
10032,ものひろい,おみとおし,100,122,ふみん,85,パンプジン(gourgeist-super),58,75,54,494,ゴースト,くさ,39
10033,あついしぼう,,100,123,,80,メガフシギバナ,122,120,80,625,くさ,どく,155.5
10034,かたいツメ,,130,111,,78,メガリザードンX,130,85,100,634,ほのお,ドラゴン,110.5
10035,ひでり,,104,78,,78,メガリザードンY,159,115,100,634,ほのお,ひこう,100.5
10036,メガランチャー,,103,120,,79,メガカメックス,135,115,78,630,みず,,101.1
10037,トレース,,50,65,,55,メガフーディン,175,105,150,600,エスパー,,48
10038,かげふみ,,65,80,,60,メガゲンガー,170,95,130,600,ゴースト,どく,40.5
10039,おやこあい,,125,100,,105,メガガルーラ,60,100,100,590,ノーマル,,100
10040,スカイスキン,,155,120,,65,メガカイロス,65,90,105,600,むし,ひこう,59
10041,かたやぶり,,155,109,,95,メガギャラドス,70,130,81,640,みず,あく,305
10042,かたいツメ,,135,85,,80,メガプテラ,70,95,150,615,いわ,ひこう,79
10043,ふくつのこころ,,190,100,,106,メガミュウツーX,154,100,130,780,エスパー,かくとう,127
10044,ふみん,,150,70,,106,メガミュウツーY,194,120,140,780,エスパー,,33
10045,かたやぶり,,95,105,,90,メガデンリュウ,165,110,45,610,でんき,ドラゴン,61.5
10046,テクニシャン,,150,140,,70,メガハッサム,65,100,75,600,むし,はがね,125
10047,スキルリンク,,185,115,,80,メガヘラクロス,40,105,75,600,むし,かくとう,62.5
10048,サンパワー,,90,90,,75,メガヘルガー,140,90,115,600,あく,ほのお,49.5
10049,すなおこし,,164,150,,100,メガバンギラス,95,120,71,700,いわ,あく,255
10050,かそく,,160,80,,80,メガバシャーモ,130,80,100,630,ほのお,かくとう,52
10051,フェアリースキン,,85,65,,68,メガサーナイト,165,135,100,618,エスパー,フェアリー,48.4
10052,ちからもち,,105,125,,50,メガクチート,55,95,50,480,はがね,フェアリー,23.5
10053,フィルター,,140,230,,70,メガボスゴドラ,60,80,50,630,はがね,,395
10054,ヨガパワー,,100,85,,60,メガチャーレム,80,85,100,510,かくとう,エスパー,31.5
10055,いかく,,75,80,,70,メガライボルト,135,80,135,575,でんき,,44
10056,いたずらごころ,,165,75,,64,メガジュペッタ,93,83,75,555,ゴースト,,13
10057,マジックミラー,,150,60,,65,メガアブソル,115,60,115,565,あく,,49
10058,すなのちから,,170,115,,108,メガガブリアス,120,95,92,700,ドラゴン,じめん,95
10059,てきおうりょく,,145,88,,70,メガルカリオ,140,70,112,625,かくとう,はがね,57.5
10060,ゆきふらし,,132,105,,90,メガユキノオー,132,105,30,594,くさ,こおり,185
10061,フラワーベール,,65,67,きょうせい,74,フラエッテ(floette-eternal),125,128,92,551,フェアリー,,0.9
10062,ふゆう,,100,120,,80,メガラティアス,140,150,110,700,ドラゴン,エスパー,52
10063,ふゆう,,130,100,,80,メガラティオス,160,120,110,700,ドラゴン,エスパー,70
10064,すいすい,,150,110,,100,メガラグラージ,95,110,70,635,みず,じめん,102
10065,ひらいしん,,110,75,,70,メガジュカイン,145,85,145,630,くさ,ドラゴン,55.2
10066,マジックミラー,,85,125,,50,メガヤミラミ,85,115,20,480,あく,ゴースト,161
10067,フェアリースキン,,110,110,,75,メガチルタリス,110,105,80,590,ドラゴン,フェアリー,20.6
10068,せいしんりょく,,165,95,,68,メガエルレイド,65,115,110,618,エスパー,かくとう,56.4
10069,いやしのこころ,,60,126,,103,メガタブンネ,80,126,50,545,ノーマル,フェアリー,32
10070,がんじょうあご,,140,70,,70,メガサメハダー,110,65,105,560,みず,あく,130.3
10071,シェルアーマー,,75,180,,95,メガヤドラン,130,80,30,590,みず,エスパー,120
10072,すなのちから,,125,230,,75,メガハガネール,55,95,30,610,はがね,じめん,740
10073,ノーガード,,80,80,,83,メガピジョット,135,80,121,579,ノーマル,ひこう,50.5
10074,フリーズスキン,,120,80,,80,メガオニゴーリ,120,80,100,580,こおり,,350.2
10075,マジックミラー,,160,110,,50,メガディアンシー,160,110,110,700,いわ,フェアリー,27.8
10076,かたいツメ,,145,150,,80,メガメタグロス,105,110,110,700,はがね,エスパー,942.9
10077,はじまりのうみ,,150,90,,100,カイオーガ(kyogre-primal),180,160,90,770,みず,,430
10078,おわりのだいち,,180,160,,100,グラードン(groudon-primal),150,90,90,770,じめん,ほのお,999.7
10079,デルタストリーム,,180,100,,105,メガレックウザ,180,100,115,780,ドラゴン,ひこう,392
10080,せいでんき,,55,40,ひらいしん,35,ピカチュウ(pikachu-rock-star),50,50,90,320,でんき,,6
10081,せいでんき,,55,40,ひらいしん,35,ピカチュウ(pikachu-belle),50,50,90,320,でんき,,6
10082,せいでんき,,55,40,ひらいしん,35,ピカチュウ(pikachu-pop-star),50,50,90,320,でんき,,6
10083,せいでんき,,55,40,ひらいしん,35,ピカチュウ(pikachu-phd),50,50,90,320,でんき,,6
10084,せいでんき,,55,40,ひらいしん,35,ピカチュウ(pikachu-libre),50,50,90,320,でんき,,6
10085,せいでんき,,55,40,ひらいしん,35,ピカチュウ(pikachu-cosplay),50,50,90,320,でんき,,6
10086,マジシャン,,160,60,,80,フーパ(hoopa-unbound),170,130,80,680,エスパー,あく,490
10087,ちからずく,,120,100,,70,メガバクーダ,145,105,20,560,ほのお,じめん,320.5
10088,きもったま,,136,94,,65,メガミミロップ,54,96,135,580,ノーマル,かくとう,28.3
10089,スカイスキン,,145,130,,95,メガボーマンダ,120,90,120,700,ドラゴン,ひこう,112.6
10090,てきおうりょく,,150,40,,65,メガスピアー,15,80,145,495,むし,どく,40.5
10091,くいしんぼう,はりきり,56,35,あついしぼう,30,コラッタ(アローラのすがた),25,35,72,253,あく,ノーマル,3.8
10092,くいしんぼう,はりきり,71,70,あついしぼう,75,ラッタ(アローラのすがた),40,80,77,413,あく,ノーマル,25.5
10093,くいしんぼう,はりきり,71,70,あついしぼう,75,ラッタ(アローラのすがた),40,80,77,413,あく,ノーマル,105
10094,せいでんき,,55,40,ひらいしん,35,ピカチュウ(pikachu-original-cap),50,50,90,320,でんき,,6
10095,せいでんき,,55,40,ひらいしん,35,ピカチュウ(pikachu-hoenn-cap),50,50,90,320,でんき,,6
10096,せいでんき,,55,40,ひらいしん,35,ピカチュウ(pikachu-sinnoh-cap),50,50,90,320,でんき,,6
10097,せいでんき,,55,40,ひらいしん,35,ピカチュウ(pikachu-unova-cap),50,50,90,320,でんき,,6
10098,せいでんき,,55,40,ひらいしん,35,ピカチュウ(pikachu-kalos-cap),50,50,90,320,でんき,,6
10099,せいでんき,,55,40,ひらいしん,35,ピカチュウ(アローラのすがた),50,50,90,320,でんき,,6
10100,サーフテール,,85,50,,60,ライチュウ(アローラのすがた),95,85,110,485,でんき,エスパー,21
10101,ゆきがくれ,,75,90,ゆきかき,50,サンド(アローラのすがた),10,35,40,300,こおり,はがね,40
10102,ゆきがくれ,,100,120,ゆきかき,75,サンドパン(アローラのすがた),25,65,65,450,こおり,はがね,55
10103,ゆきがくれ,,41,40,ゆきふらし,38,ロコン(アローラのすがた),50,65,65,299,こおり,,9.9
10104,ゆきがくれ,,67,75,ゆきふらし,73,キュウコン(アローラのすがた),81,100,109,505,こおり,フェアリー,19.9
10105,すながくれ,カーリーヘアー,55,30,すなのちから,10,ディグダ(アローラのすがた),35,45,90,265,じめん,はがね,1
10106,すながくれ,カーリーヘアー,100,60,すなのちから,35,ダグトリオ(アローラのすがた),50,70,110,425,じめん,はがね,66.6
10107,ものひろい,テクニシャン,35,35,びびり,40,ニャース(アローラのすがた),50,40,90,290,あく,,4.2
10108,ファーコート,テクニシャン,60,60,びびり,65,ペルシアン(アローラのすがた),75,65,115,440,あく,,33
10109,じりょく,がんじょう,80,100,エレキスキン,40,イシツブテ(アローラのすがた),30,30,20,300,いわ,でんき,20.3
10110,じりょく,がんじょう,95,115,エレキスキン,55,ゴローン(アローラのすがた),45,45,35,390,いわ,でんき,110
10111,じりょく,がんじょう,120,130,エレキスキン,80,ゴローニャ(アローラのすがた),55,65,45,495,いわ,でんき,316
10112,どくしゅ,くいしんぼう,80,50,かがくのちから,80,ベトベター(アローラのすがた),40,50,25,325,どく,あく,42
10113,どくしゅ,くいしんぼう,105,75,かがくのちから,105,ベトベトン(アローラのすがた),65,100,50,500,どく,あく,52
10114,おみとおし,,105,85,しゅうかく,95,ナッシー(アローラのすがた),125,75,45,530,くさ,ドラゴン,415.6
10115,のろわれボディ,ひらいしん,80,110,いしあたま,60,ガラガラ(アローラのすがた),50,80,45,425,ほのお,ゴースト,34
10116,きずなへんげ,,95,67,,72,ゲッコウガ(greninja-battle-bond),103,71,122,530,みず,あく,40
10117,きずなへんげ,,145,67,,72,ゲッコウガ(greninja-ash),153,71,132,640,みず,あく,40
10118,スワームチェンジ,,100,71,,54,ジガルデ(zygarde-10-power-construct),61,85,115,486,ドラゴン,じめん,33.5
10119,スワームチェンジ,,100,121,,108,ジガルデ(zygarde-50-power-construct),81,95,95,600,ドラゴン,じめん,305
10120,スワームチェンジ,,100,121,,216,ジガルデ(zygarde-complete),91,95,85,708,ドラゴン,じめん,610
10121,はりこみ,がんじょうあご,110,60,てきおうりょく,88,デカグース(gumshoos-totem),55,60,45,418,ノーマル,,60
10122,ふゆう,,70,90,,77,クワガノン(vikavolt-totem),145,75,43,500,むし,でんき,147.5
10123,おどりこ,,70,70,,75,オドリドリ(oricorio-pom-pom),98,70,93,476,でんき,ひこう,3.4
10124,おどりこ,,70,70,,75,オドリドリ(oricorio-pau),98,70,93,476,エスパー,ひこう,3.4
10125,おどりこ,,70,70,,75,オドリドリ(oricorio-sensu),98,70,93,476,ゴースト,ひこう,3.4
10126,するどいめ,やるき,115,75,ノーガード,85,ルガルガン(lycanroc-midnight),55,75,82,487,いわ,,25
10127,ぎょぐん,,140,130,,45,ヨワシ(wishiwashi-school),140,135,30,620,みず,,78.6
10128,リーフガード,,105,90,あまのじゃく,70,ラランテス(lurantis-totem),80,90,45,480,くさ,,58
10129,ふしょく,,64,60,どんかん,68,エンニュート(salazzle-totem),111,60,117,480,どく,ほのお,81
10130,リミットシールド,,60,100,,60,メテノ(minior-orange-meteor),60,100,60,440,いわ,ひこう,40
10131,リミットシールド,,60,100,,60,メテノ(minior-yellow-meteor),60,100,60,440,いわ,ひこう,40
10132,リミットシールド,,60,100,,60,メテノ(minior-green-meteor),60,100,60,440,いわ,ひこう,40
10133,リミットシールド,,60,100,,60,メテノ(minior-blue-meteor),60,100,60,440,いわ,ひこう,40
10134,リミットシールド,,60,100,,60,メテノ(minior-indigo-meteor),60,100,60,440,いわ,ひこう,40
10135,リミットシールド,,60,100,,60,メテノ(minior-violet-meteor),60,100,60,440,いわ,ひこう,40
10136,リミットシールド,,100,60,,60,メテノ(minior-red),100,60,120,500,いわ,ひこう,0.3
10137,リミットシールド,,100,60,,60,メテノ(minior-orange),100,60,120,500,いわ,ひこう,0.3
10138,リミットシールド,,100,60,,60,メテノ(minior-yellow),100,60,120,500,いわ,ひこう,0.3
10139,リミットシールド,,100,60,,60,メテノ(minior-green),100,60,120,500,いわ,ひこう,0.3
10140,リミットシールド,,100,60,,60,メテノ(minior-blue),100,60,120,500,いわ,ひこう,0.3
10141,リミットシールド,,100,60,,60,メテノ(minior-indigo),100,60,120,500,いわ,ひこう,0.3
10142,リミットシールド,,100,60,,60,メテノ(minior-violet),100,60,120,500,いわ,ひこう,0.3
10143,ばけのかわ,,90,80,,55,ミミッキュ(mimikyu-busted),50,105,96,476,ゴースト,フェアリー,0.7
10144,ばけのかわ,,90,80,,55,ミミッキュ(mimikyu-totem-disguised),50,105,96,476,ゴースト,フェアリー,2.8
10145,ばけのかわ,,90,80,,55,ミミッキュ(mimikyu-totem-busted),50,105,96,476,ゴースト,フェアリー,2.8
10146,ぼうだん,ぼうおん,110,125,ぼうじん,75,ジャラランガ(kommo-o-totem),100,105,85,600,ドラゴン,かくとう,207.5
10147,ソウルハート,,95,115,,80,マギアナ(magearna-original),130,115,65,600,はがね,フェアリー,80.5
10148,せいでんき,,55,40,ひらいしん,35,ピカチュウ(pikachu-partner-cap),50,50,90,320,でんき,,6
10149,のろわれボディ,ひらいしん,80,110,いしあたま,60,ガラガラ(marowak-totem),50,80,45,425,ほのお,ゴースト,98
10150,みつあつめ,りんぷん,55,60,スイートベール,60,アブリボン(ribombee-totem),95,70,124,464,むし,フェアリー,2
10151,マイペース,,65,40,,45,イワンコ(rockruff-own-tempo),30,40,60,280,いわ,,9.2
10152,かたいツメ,,117,65,,75,ルガルガン(lycanroc-dusk),55,65,110,487,いわ,,25
10153,すいほう,,70,92,ちょすい,68,オニシズクモ(araquanid-totem),50,132,42,454,みず,むし,217.5
10154,てつのトゲ,ひらいしん,98,63,がんじょう,65,トゲデマル(togedemaru-totem),40,73,96,435,でんき,はがね,13
10155,プリズムアーマー,,157,127,,97,ネクロズマ(necrozma-dusk),113,109,77,680,エスパー,はがね,460
10156,プリズムアーマー,,113,109,,97,ネクロズマ(necrozma-dawn),157,127,77,680,エスパー,ゴースト,350
10157,ブレインフォース,,167,97,,97,ネクロズマ(necrozma-ultra),167,97,129,754,エスパー,ドラゴン,230
10158,せいでんき,,80,50,ひらいしん,45,ピカチュウ(pikachu-starter),75,60,120,430,でんき,,6
10159,にげあし,てきおうりょく,75,70,きけんよち,65,イーブイ(eevee-starter),65,85,75,435,ノーマル,,6.5
10160,せいでんき,,55,40,ひらいしん,35,ピカチュウ(pikachu-world-cap),50,50,90,320,でんき,,6
10161,ものひろい,かたいツメ,65,55,きんちょうかん,50,ニャース(ガラルのすがた),40,40,40,290,はがね,,7.5
10162,にげあし,パステルベール,85,55,きけんよち,50,ポニータ(ガラルのすがた),65,65,90,410,エスパー,,24
10163,にげあし,パステルベール,100,70,きけんよち,65,ギャロップ(ガラルのすがた),80,80,105,500,エスパー,フェアリー,80
10164,くいしんぼう,マイペース,65,65,さいせいりょく,90,ヤドン(ガラルのすがた),40,40,15,315,エスパー,,36
10165,クイックドロウ,マイペース,100,95,さいせいりょく,95,ヤドラン(ガラルのすがた),100,70,30,490,どく,エスパー,70.5
10166,ふくつのこころ,,95,55,きもったま,52,カモネギ(ガラルのすがた),58,62,55,377,かくとう,,42
10167,ふゆう,かがくへんかガス,90,120,ミストメイカー,65,マタドガス(ガラルのすがた),85,70,60,490,どく,フェアリー,16
10168,やるき,バリアフリー,65,65,アイスボディ,50,バリヤード(ガラルのすがた),90,90,100,460,こおり,エスパー,56.8
10169,かちき,,85,85,,90,フリーザー(ガラルのすがた),125,100,95,580,エスパー,ひこう,50.9
10170,まけんき,,125,90,,90,サンダー(ガラルのすがた),85,90,100,580,かくとう,ひこう,58.2
10171,ぎゃくじょう,,85,90,,90,ファイヤー(ガラルのすがた),100,125,90,580,あく,ひこう,66
10172,きみょうなくすり,マイペース,65,80,さいせいりょく,95,ヤドキング(ガラルのすがた),110,110,30,490,どく,エスパー,79.5
10173,くだけるよろい,,55,100,のろわれボディ,60,サニーゴ(ガラルのすがた),65,100,30,410,ゴースト,,0.5
10174,ものひろい,くいしんぼう,30,41,はやあし,38,ジグザグマ(ガラルのすがた),30,41,60,240,あく,ノーマル,17.5
10175,ものひろい,くいしんぼう,70,61,はやあし,78,マッスグマ(ガラルのすがた),50,61,100,420,あく,ノーマル,32.5
10176,はりきり,,90,45,せいしんりょく,70,ダルマッカ(ガラルのすがた),15,45,50,315,こおり,,40
10177,ごりむちゅう,,140,55,ダルマモード,105,ヒヒダルマ(ガラルのすがた),30,55,95,480,こおり,,120
10178,ごりむちゅう,,160,55,ダルマモード,105,ヒヒダルマ(ガラルのすがた),30,55,135,540,こおり,ほのお,120
10179,さまようたましい,,55,85,,38,デスマス(ガラルのすがた),30,65,30,303,じめん,ゴースト,1.5
10180,ぎたい,,81,99,,109,マッギョ(ガラルのすがた),66,84,32,471,じめん,はがね,20.5
10181,オーラブレイク,,100,71,,54,ジガルデ(zygarde-10),61,85,115,486,ドラゴン,じめん,33.5
10182,うのミサイル,,85,55,,70,ウッウ(cramorant-gulping),85,95,85,475,ひこう,みず,18
10183,うのミサイル,,85,55,,70,ウッウ(cramorant-gorging),85,95,85,475,ひこう,みず,18
10184,パンクロック,マイナス,98,70,テクニシャン,75,ストリンダー(toxtricity-low-key),114,70,75,502,でんき,どく,40
10185,アイスフェイス,,80,70,,75,コオリッポ(eiscue-noice),65,50,130,470,こおり,,89
10186,マイペース,シンクロ,55,65,サイコメイカー,70,イエッサン(indeedee-female),95,105,85,475,エスパー,ノーマル,28
10187,はらぺこスイッチ,,95,58,,58,モルペコ(morpeko-hangry),70,58,97,436,でんき,あく,3
10188,ふとうのけん,,150,115,,92,ザシアン(zacian-crowned),80,115,148,700,フェアリー,はがね,355
10189,ふくつのたて,,120,140,,92,ザマゼンタ(zamazenta-crowned),80,140,128,700,かくとう,はがね,785
10190,プレッシャー,,115,250,,255,ムゲンダイナ(eternatus-eternamax),125,250,130,1125,どく,ドラゴン,0
10191,ふかしのこぶし,,130,100,,100,ウーラオス(urshifu-rapid-strike),63,60,97,550,かくとう,みず,105
10192,リーフガード,,120,105,,105,ザルード(zarude-dada),70,95,105,600,あく,くさ,70
10193,じんばいったい,,165,150,,100,バドレックス(calyrex-ice),85,130,50,680,エスパー,こおり,809.1
10194,じんばいったい,,85,80,,100,バドレックス(calyrex-shadow),165,100,150,680,エスパー,ゴースト,53.6
10195,しんりょく,,82,83,ようりょくそ,80,フシギバナ(venusaur-gmax),100,100,80,525,くさ,どく,1000
10196,もうか,,84,78,サンパワー,78,リザードン(charizard-gmax),109,85,100,534,ほのお,ひこう,1000
10197,げきりゅう,,83,100,あめうけざら,79,カメックス(blastoise-gmax),85,105,78,530,みず,,1000
10198,ふくがん,,45,50,いろめがね,60,バタフリー(butterfree-gmax),90,80,70,395,むし,ひこう,1000
10199,せいでんき,,55,40,ひらいしん,35,ピカチュウ(pikachu-gmax),50,50,90,320,でんき,,1000
10200,ものひろい,テクニシャン,45,35,きんちょうかん,40,ニャース(meowth-gmax),40,40,90,290,ノーマル,,1000
10201,こんじょう,ノーガード,130,80,ふくつのこころ,90,カイリキー(machamp-gmax),65,85,55,505,かくとう,,1000
10202,のろわれボディ,,65,60,,60,ゲンガー(gengar-gmax),130,75,110,500,ゴースト,どく,1000
10203,かいりきバサミ,シェルアーマー,130,115,ちからずく,55,キングラー(kingler-gmax),50,50,75,475,みず,,1000
10204,ちょすい,シェルアーマー,85,80,うるおいボディ,130,ラプラス(lapras-gmax),85,95,60,535,みず,こおり,1000
10205,にげあし,てきおうりょく,55,50,きけんよち,55,イーブイ(eevee-gmax),45,65,55,325,ノーマル,,1000
10206,めんえき,あついしぼう,110,65,くいしんぼう,160,カビゴン(snorlax-gmax),65,110,30,540,ノーマル,,1000
10207,あくしゅう,くだけるよろい,95,82,ゆうばく,80,ダストダス(garbodor-gmax),60,82,75,474,どく,,1000
10208,てつのこぶし,,143,143,,135,メルメタル(melmetal-gmax),80,65,34,600,はがね,,1000
10209,しんりょく,,125,90,グラスメイカー,100,ゴリランダー(rillaboom-gmax),60,70,85,530,くさ,,1000
10210,もうか,,116,75,リベロ,80,エースバーン(cinderace-gmax),65,75,119,530,ほのお,,1000
10211,げきりゅう,,85,65,スナイパー,70,インテレオン(inteleon-gmax),125,65,120,530,みず,,1000
10212,プレッシャー,きんちょうかん,87,105,ミラーアーマー,98,アーマーガア(corviknight-gmax),53,85,67,495,ひこう,はがね,1000
10213,むしのしらせ,おみとおし,45,110,テレパシー,60,イオルブ(orbeetle-gmax),80,120,90,505,むし,エスパー,1000
10214,がんじょうあご,シェルアーマー,115,90,すいすい,90,カジリガメ(drednaw-gmax),48,68,74,485,みず,いわ,1000
10215,じょうききかん,ほのおのからだ,80,120,もらいび,110,セキタンザン(coalossal-gmax),80,90,30,510,いわ,ほのお,1000
10216,じゅくせい,くいしんぼう,110,80,はりきり,70,アップリュー(flapple-gmax),95,60,70,485,くさ,ドラゴン,1000
10217,じゅくせい,くいしんぼう,85,80,あついしぼう,110,タルップル(appletun-gmax),100,80,30,485,くさ,ドラゴン,1000
10218,すなはき,だっぴ,107,125,すながくれ,72,サダイジャ(sandaconda-gmax),65,70,71,510,じめん,,1000
10219,パンクロック,プラス,98,70,テクニシャン,75,ストリンダー(toxtricity-amped-gmax),114,70,75,502,でんき,どく,1000
10220,もらいび,しろいけむり,115,65,ほのおのからだ,100,マルヤクデ(centiskorch-gmax),90,90,65,525,ほのお,むし,1000
10221,いやしのこころ,きけんよち,90,95,マジックミラー,57,ブリムオン(hatterene-gmax),136,103,29,510,エスパー,フェアリー,1000
10222,いたずらごころ,おみとおし,120,65,わるいてぐせ,95,オーロンゲ(grimmsnarl-gmax),95,75,60,510,あく,フェアリー,1000
10223,スイートベール,,60,75,アロマベール,65,マホイップ(alcremie-gmax),110,121,64,495,フェアリー,,1000
10224,ちからずく,,130,69,ヘヴィメタル,122,ダイオウドウ(copperajah-gmax),80,69,30,500,はがね,,1000
10225,ライトメタル,ヘヴィメタル,95,115,すじがねいり,70,ジュラルドン(duraludon-gmax),120,50,85,535,はがね,ドラゴン,1000
10226,ふかしのこぶし,,130,100,,100,ウーラオス(urshifu-single-strike-gmax),63,60,97,550,かくとう,あく,1000
10227,ふかしのこぶし,,130,100,,100,ウーラオス(urshifu-rapid-strike-gmax),63,60,97,550,かくとう,みず,1000
10228,パンクロック,マイナス,98,70,テクニシャン,75,ストリンダー(toxtricity-low-key-gmax),114,70,75,502,でんき,どく,1000
10229,いかく,もらいび,75,45,いしあたま,60,ガーディ(ヒスイのすがた),65,50,55,350,ほのお,いわ,22.7
10230,いかく,もらいび,115,80,いしあたま,95,ウインディ(ヒスイのすがた),95,80,90,555,ほのお,いわ,168
10231,ぼうおん,せいでんき,30,50,ゆうばく,40,ビリリダマ(ヒスイのすがた),55,55,100,330,でんき,くさ,13
10232,ぼうおん,せいでんき,50,70,ゆうばく,60,マルマイン(ヒスイのすがた),80,80,150,490,でんき,くさ,71
10233,もうか,,84,78,おみとおし,73,バクフーン(ヒスイのすがた),119,85,95,534,ほのお,ゴースト,69.8
10234,どくのトゲ,すいすい,95,85,いかく,65,ハリーセン(ヒスイのすがた),55,55,85,440,あく,どく,3.9
10235,せいしんりょく,するどいめ,95,55,わるいてぐせ,55,ニューラ(ヒスイのすがた),35,75,115,430,かくとう,どく,27
10236,げきりゅう,,108,80,きれあじ,90,ダイケンキ(ヒスイのすがた),100,65,85,528,みず,あく,58.2
10237,ようりょくそ,はりきり,105,75,リーフガード,70,ドレディア(ヒスイのすがた),50,75,105,480,くさ,かくとう,19.2
10238,イリュージョン,,60,40,,35,ゾロア(ヒスイのすがた),85,40,70,330,ノーマル,ゴースト,12.5
10239,イリュージョン,,100,60,,55,ゾロアーク(ヒスイのすがた),125,60,110,510,ノーマル,ゴースト,73
10240,するどいめ,ちからずく,83,70,いろめがね,110,ウォーグル(ヒスイのすがた),112,70,65,510,エスパー,ひこう,43.4
10241,そうしょく,シェルアーマー,75,83,ぬめぬめ,58,ヌメイル(ヒスイのすがた),83,113,40,452,はがね,ドラゴン,68.5
10242,そうしょく,シェルアーマー,100,100,ぬめぬめ,80,ヌメルゴン(ヒスイのすがた),110,150,60,600,はがね,ドラゴン,334.1
10243,がんじょうあご,アイスボディ,127,184,がんじょう,95,クレベース(ヒスイのすがた),34,36,38,514,こおり,いわ,262.4
10244,しんりょく,,112,80,きもったま,88,ジュナイパー(ヒスイのすがた),95,95,60,530,くさ,かくとう,37
10245,プレッシャー,,100,120,テレパシー,100,ディアルガ(dialga-origin),150,120,90,680,はがね,ドラゴン,848.7
10246,プレッシャー,,100,100,テレパシー,90,パルキア(palkia-origin),150,120,120,680,みず,ドラゴン,659
10247,びびり,てきおうりょく,92,65,かたやぶり,70,バスラオ(basculin-white-striped),80,55,98,460,みず,,18
10248,すいすい,てきおうりょく,92,65,かたやぶり,120,イダイトウ(basculegion-female),100,75,78,530,みず,ゴースト,110
10249,ぼうじん,,115,110,,74,ラブトロス(enamorus-therian),135,100,46,580,フェアリー,ひこう,48
10250,いかく,いかりのつぼ,110,105,はんすう,75,ケンタロス(パルデアのすがた),30,70,100,490,かくとう,,115
10251,いかく,いかりのつぼ,110,105,はんすう,75,ケンタロス(パルデアのすがた),30,70,100,490,かくとう,ほのお,85
10252,いかく,いかりのつぼ,110,105,はんすう,75,ケンタロス(パルデアのすがた),30,70,100,490,かくとう,みず,110
10253,どくのトゲ,ちょすい,45,45,てんねん,55,ウパー(パルデアのすがた),25,25,15,210,どく,じめん,11
10254,アロマベール,くいしんぼう,90,70,あついしぼう,115,パフュートン(oinkologne-female),59,90,65,489,ノーマル,,120
10255,てんのめぐみ,にげあし,100,80,びびり,125,ノココッチ(dudunsparce-three-segment),85,75,55,520,ノーマル,,47.4
10256,マイティチェンジ,,160,97,,100,イルカマン(palafin-hero),106,87,100,650,みず,,97.4
10257,フレンドガード,ほおぶくろ,75,70,テクニシャン,74,イッカネズミ(maushold-family-of-three),65,75,111,470,ノーマル,,2.8
10258,しれいとう,,50,60,よびみず,68,シャリタツ(tatsugiri-droopy),120,95,82,475,ドラゴン,みず,8
10259,しれいとう,,50,60,よびみず,68,シャリタツ(tatsugiri-stretchy),120,95,82,475,ドラゴン,みず,8
10260,いかく,はりきり,96,51,こんじょう,82,イキリンコ(squawkabilly-blue-plumage),45,51,92,417,ノーマル,ひこう,2.4
10261,いかく,はりきり,96,51,ちからずく,82,イキリンコ(squawkabilly-yellow-plumage),45,51,92,417,ノーマル,ひこう,2.4
10262,いかく,はりきり,96,51,ちからずく,82,イキリンコ(squawkabilly-white-plumage),45,51,92,417,ノーマル,ひこう,2.4
10263,にげあし,,30,25,,45,コレクレー(gimmighoul-roaming),75,45,80,300,ゴースト,,1
10264,ひひいろのこどう,,135,115,,100,コライドン(koraidon-limited-build),85,100,135,670,かくとう,ドラゴン,303
10265,ひひいろのこどう,,135,115,,100,コライドン(koraidon-sprinting-build),85,100,135,670,かくとう,ドラゴン,303
10266,ひひいろのこどう,,135,115,,100,コライドン(koraidon-swimming-build),85,100,135,670,かくとう,ドラゴン,303
10267,ひひいろのこどう,,135,115,,100,コライドン(koraidon-gliding-build),85,100,135,670,かくとう,ドラゴン,303
10268,ハドロンエンジン,,85,100,,100,ミライドン(miraidon-low-power-mode),135,115,135,670,でんき,ドラゴン,240
10269,ハドロンエンジン,,85,100,,100,ミライドン(miraidon-drive-mode),135,115,135,670,でんき,ドラゴン,240
10270,ハドロンエンジン,,85,100,,100,ミライドン(miraidon-aquatic-mode),135,115,135,670,でんき,ドラゴン,240
10271,ハドロンエンジン,,85,100,,100,ミライドン(miraidon-glide-mode),135,115,135,670,でんき,ドラゴン,240
10272,しんがん,,70,120,,113,ガチグマ(ursaluna-bloodmoon),135,65,52,555,じめん,ノーマル,290
10273,ちょすい,,120,84,,80,オーガポン(ogerpon-wellspring-mask),60,96,110,550,くさ,みず,39.8
10274,かたやぶり,,120,84,,80,オーガポン(ogerpon-hearthflame-mask),60,96,110,550,くさ,ほのお,39.8
10275,がんじょう,,120,84,,80,オーガポン(ogerpon-cornerstone-mask),60,96,110,550,くさ,いわ,39.8
10276,テラスシェル,,95,110,,95,テラパゴス(terapagos-terastal),105,110,85,600,ノーマル,,16
10277,ゼロフォーミング,,105,110,,160,テラパゴス(terapagos-stellar),130,110,85,700,ノーマル,,77
10278,マジックミラー,,80,93,,95,メガピクシー,135,110,70,583,フェアリー,ひこう,42.3
10279,とびだすなかみ,,125,85,,80,メガウツボット,135,95,70,590,くさ,どく,125.5
10280,ちからもち,,100,105,,60,メガスターミー,130,105,120,620,みず,エスパー,80
10281,マルチスケイル,,124,115,,91,メガカイリュー,145,125,100,700,ドラゴン,ひこう,290
10282,不明,,92,115,,80,メガメガニウム,143,115,80,625,くさ,フェアリー,201
10283,不明,,160,125,,85,メガオーダイル,89,93,78,630,みず,ドラゴン,108.8
10284,すじがねいり,,140,110,,65,メガエアームド,40,100,110,565,はがね,ひこう,40.4
10285,ゆきふらし,,80,70,,70,メガユキメノコ,140,100,120,580,こおり,ゴースト,29.6
10286,かたやぶり,,148,75,,110,メガエンブオー,110,110,75,628,ほのお,かくとう,180.3
10287,不明,,165,100,,110,メガドリュウズ,65,65,103,608,じめん,はがね,60
10288,,,140,149,,60,メガペンドラー,75,99,62,585,むし,どく,230.5
10289,,,130,135,,65,メガズルズキン,55,135,68,588,あく,かくとう,31
10290,,,145,80,,85,メガシビルドン,135,90,80,615,でんき,,180
10291,すりぬけ,,75,110,,60,メガシャンデラ,175,110,90,620,ゴースト,ほのお,69.6
10292,ぼうだん,,137,172,,88,メガブリガロン,74,115,44,630,くさ,かくとう,90
10293,ふゆう,,69,72,,75,メガマフォクシー,159,125,134,634,ほのお,エスパー,39
10294,へんげんじざい,,125,77,,72,メガゲッコウガ,133,81,142,630,みず,あく,40
10295,,,88,92,,86,メガカエンジシ,129,86,126,607,ほのお,ノーマル,93.3
10296,フェアリーオーラ,,85,87,,74,メガフラエッテ,155,148,102,651,フェアリー,,100.8
10297,,,102,88,,86,メガカラマネロ,98,120,88,582,あく,エスパー,69.8
10298,,,140,130,,72,メガガメノデス,64,106,88,600,いわ,かくとう,100
10299,,,85,105,,65,メガドラミドロ,132,163,44,594,どく,ドラゴン,100.3
10300,ノーガード,,137,100,,78,メガルチャブル,74,93,118,600,かくとう,ひこう,25
10301,,,70,91,,216,メガジガルデ,216,85,100,778,ドラゴン,じめん,610
10302,ぎゃくじょう,,85,110,,78,メガジジーロン,160,116,36,585,ノーマル,ドラゴン,240.5
10303,,,135,135,,65,メガタイレーツ,70,65,100,570,かくとう,,99
10304,,,135,95,,60,メガライチュウX,90,95,110,585,でんき,,38
10305,,,100,55,,60,メガライチュウY,160,80,130,585,でんき,,26
10306,ふゆう,,50,110,,75,メガチリーン,135,120,65,555,エスパー,はがね,8
10307,,,154,60,,65,メガアブソルZ,75,60,151,565,あく,ゴースト,49
10308,,,140,100,,85,メガムクホーク,60,90,110,585,かくとう,ひこう,50
10309,,,130,85,,108,メガガブリアスZ,141,85,151,700,ドラゴン,,99
10310,,,100,70,,70,メガルカリオZ,164,70,151,625,かくとう,はがね,49.4
10311,,,120,106,,91,メガヒードラン,175,141,67,700,ほのお,はがね,570
10312,,,120,130,,70,メガダークライ,165,130,85,700,あく,,240
10313,ふかしのこぶし,,159,105,,89,メガゴルーグ,70,105,55,583,じめん,ゴースト,330
10314,トレース,,48,76,,74,メガニャオニクス,143,101,124,566,エスパー,,10.1
10315,てつのこぶし,,157,122,,97,メガケケンカニ,62,107,33,578,かくとう,こおり,252.8
10316,,,150,175,,75,メガグソクムシャ,70,120,40,630,むし,はがね,148
10317,,,125,115,,80,メガマギアナ,170,115,95,700,はがね,フェアリー,248.1
10318,,,125,115,,80,メガマギアナ,170,115,95,700,はがね,フェアリー,248.1
10319,,,157,75,,88,メガゼラオラ,147,80,153,700,でんき,,44.5
10320,不明,,138,85,,65,メガスコヴィラン,138,85,75,586,くさ,ほのお,22
10321,てきおうりょく,,90,105,,83,メガキラフロル,150,96,101,625,いわ,どく,77
10322,,,65,90,,68,メガシャリタツ,135,125,92,575,ドラゴン,みず,24
10323,,,65,90,,68,メガシャリタツ,135,125,92,575,ドラゴン,みず,24
10324,,,65,90,,68,メガシャリタツ,135,125,92,575,ドラゴン,みず,24
10325,,,175,117,,115,メガセグレイブ,105,101,87,700,ドラゴン,こおり,315
(1350 rows)
